Data scrapping of Times Square Restaurants,neg,neu,pos,compound,sentiment_label
Total number of restaurants: 50,0.0,0.755,0.245,0.0772,Slightly Positive
Total number of reviews 50 x 20 = 1000,0.0,0.822,0.178,0.0772,Slightly Positive
https://www.tripadvisor.com/Restaurants-g60763-zfn7102354-New_York_City_New_York.html,0.0,0.0,0.0,0.0,Neutral
Reviews:,0.0,1.0,0.0,0.0,Neutral
"Socarrat Paella Bar - Chelsea
LatinBarSeafood
4.0
1. I ate at this restaurant years ago and enjoyed the Paella. I though it would give it another try while in NYC. We were advised it would take 30 minutes to prepare, two persons had to order the same dish at it was $31 per person. With that out of the way we ordered the seafood version. 30 minutes later it arrived. There was a thin cover of yellow rice with a few small shrimp, scallops and mussels on top. There was also some mystery white fish mixed in. The rice was overcooked and super salty. The seafood was tasteless - i think the rice is baked and at the last minute they throw some precooked seafood on top. This is authentic like Taco Bell is real Mexican



2. Wonderful food - terrifically attentive wait service - lots of dinner options as well as small plates",0.0,0.863,0.137,0.9628,Very Positive
"3. Friendly, attentive service. Really good food and generous portions. Excellent value, we will be back for dinner! Very good Albarino.",0.0,0.438,0.562,0.96,Very Positive
"4. Wow what a dinner ! We took the combined poultry and seafood paella and started with some appetizers: iberico jamon, spinach croquettes , garlic shrimps, 2 color beets with goat cheese. Every bite was amazing. The deserts were excellent as well",0.0,0.713,0.287,0.9286,Very Positive
"5. Pincho de pollo tapas had a tasty mushroom and veggies and tender, nicely cooked chicken. Pescado y marisco paella was a perfect portion for two and tasted natural and fresh, delicious. Good drinks. Excellent, very attentive customer service. Reasonable wait and spacious outdoor seating.",0.0,0.617,0.383,0.967,Very Positive
6. A terrific post Joyce Theatre choice. Our favorite in that neighborhood. Great selection of tapas and charcuterie boards. Noisy but fun vibe. Great and attentive service.,0.035,0.526,0.439,0.9464,Very Positive
7. I came here with coworkers after work one day and we were all so satisfied with the food. We got 6 different types of tapas and 3 different paella's for the 7 of us and it was more than enough food. We got a vegetarian paella and chicken paella and a seafood paella (my favorite- it has black squid inked rice which was amazing). The tapas were all delicious and the service was top notch. Very intimate setting and highly recommended for friends and for dates.,0.0,0.81,0.19,0.9483,Very Positive
8. This place get better every time I eat here. They had a duck paella special when I was there last week that was TO DIE FOR. The waiter explained to us that the more fat in the meat creates an even crunchier socarrat (the part of the paella which the restaurant is named for).,0.065,0.805,0.129,0.4215,Slightly Positive
"9. We had a very disappointing meal at Socarrat this evening.  We were excited for authentic Spanish Tapas.  The food ""looked"" delicious but unfortunately did not impress our taste buds. We ordered the calamari, fried artichoke and the Brussel sprouts as starters.  The artichoke was tender but too greasy and lacked flavor.  It also needed something to cut the grease like lemon.  While the brussel sprouts had an interesting flavor, they were also very greasy.  The biggest disappointment was the calamari.   For $17 we were served two tiny baby calamari in olive oil with a lemon wedge on the side.  Although the serving was very small, we anticipated that it would be tasty and reminiscent of our recent trip to Barcelona where we had the same dish.  Unfortunately we were disappointed,  The dish had no taste and the calamari was dry.  Would not recommend this place.",0.166,0.77,0.064,-0.9547,Very Negative
10. I sat at the bar so didn't experience the sit-down service. I had an appetizer (can't remember what but it was very gourmet and delicious). The people next to me had paella which looked very good. It's a little pricey but the quality is high.,0.0,0.907,0.093,0.6474,Positive
11. Very nice place. We tried many tapas and paella. Food is OK but quite far from Spanish restaurant taste. Price is too expensive for what it is.,0.0,0.877,0.123,0.3912,Slightly Positive
"12. Went to this restaurant last night. We had some of their appetizers and paellas. Arizona negro and the vegetarian paellas were excellent. I also loved their calamari appetizer. Sangria was also good. Fun atmosphere, friendly staff and fun place for dinner.",0.0,0.633,0.367,0.9652,Very Positive
"13. It's a paella bar. Three of us all enjoyed the arroz negro paella...very much! One of us had dietary restrictions and hostess was very accommodating by suggesting what food would be best. love this place.



14. Happened to come here during restaurant week with a friend who had been here. The 2 apps were very tasty (the shrimp and the sausage). We even added a pork belly app that while delicious could have been amazing had the skin been slightly crispier. The paella itself was incredibly authentic and tasty. Btw, they do mention it's prepared fresh and takes 40 minutes. The churros for dessert (during restaurant week) were tasty and a nice conclusion to the meal.



15. The paella was good, but do not bother with the tapas. The tortilla, pulpo and baby artichokes were mediocre at best, and the churros were tough.",0.011,0.8,0.189,0.9751,Very Positive
"16. Went to Socarrat with our son and his girlfriend. What a great find. Tapas were superb. We had the shrimp with garlic and olive oil (could have used a whole loaf of bread to soak up the garlic and olive oil), grilled squid, ham and cheese board , pork belly and croquetas tapas. For the main course we had the langosta paella. Best paella I have had. Seafood was cooked to perfection and he rice nice and crispy. Our wine selection was very good. Restaurant is small and noisy but then it is NYC and that is part of the ambiance. Not cheap but you get what you pay for. Will surely return.",0.024,0.829,0.147,0.9318,Very Positive
"17. Great restaurant, great friendly service and amazing paella. the tapas appetizers were excellent. the only reason I gave 4 stars is because the tables are high and you have to sit on stools .make sure you get a table on the side that has regular tables.",0.0,0.642,0.358,0.969,Very Positive
"18. We had a nice time, very small place with little seating. The food wasn't bad, not sure I'd return though.",0.0,0.698,0.302,0.7478,Positive
"19. The tapa menu looks good so I would come back to explore other dishes. I did try the tuna and it was well cooked with solid flavor (a lot of salt which was overwhelming). The paella (black rice with seafood) was OK. It was a very thin layer of rice which meant you had a lot of the burnt bottom which was not bad; however, I prefer to have some soft rice to counter the hard chewy bottom. The seafood was not well cooked and did not really have much flavor.



20. Really enjoyed the food here and service was impeccable. My 18 and 9 year old daughters enjoyed everything. 4 tapas croquette, suckling pig, plancha squid and beef skewers were terrific and delicate. Then a seafood paella that was cooked to perfection. Thank you",0.009,0.778,0.213,0.9799,Very Positive
"Blue Fin
SeafoodSushiSoups
4.0
21. Adrienne was our server and he was nothing short of amazing. Very helpful, honest, quick, and attentive. He made our dining experience there very well worth it!",0.074,0.649,0.277,0.8158,Very Positive
"22. Excellent service across the board. This was our second time that my wife, kids, and I ate here and since we are both Presidents club members, we do a lot of Landrys dining.",0.0,0.893,0.107,0.5719,Positive
23. Wonderful spot to go to after or before the theatre. The food was great but more importantly the service was spectacular. Thank you Tristan for a wonderful experience and great recommendations.,0.0,0.529,0.471,0.9727,Very Positive
"24. This is a great spot to go to before hitting up a Broadway show. It is clean, the service is great and the food was delicious! Easy walk to Times Square and Broadway from, even in those high heel shoes. Highly recommend!



25. Blue Fin was amazing. The food was great. We especially enjoyed the crab cakes an oysters on the half shell. The ambiance was conducive to a quiet lovely dinner where you could enjoy talking to your dinner companion",0.0,0.633,0.367,0.9908,Very Positive
26. The food was outstanding- get the special roll! Tristan was great! Very friendly and gave good food recommendations,0.0,0.441,0.559,0.957,Very Positive
"27.  The Food, ambience and service were excellent. Our server Alexys was wonderful!! Highly attentive and friendly!!! We recommend this restaurant!!!",0.0,0.539,0.461,0.9385,Very Positive
"28. This spot is fantastic for a casual night out with excellent service and great food. Tristen took excellent care of our needs and made sure we had everything we wanted and needed. The food was absolutely delicious!



29. Our food was great. The experience was great. Tristen is a fabulous server. The butterscotch bread pudding was AMAZING!",0.0,0.509,0.491,0.992,Very Positive
"30. Tristian is absolutely one of the best servers! Personable and very easy to talk with! I absolutely recommend this place



31. Read some reviews and came here for pre theatre dinner - perfect location and perfect dinner - excellent quality and superior service from Tristan. Will come again for sure!",0.0,0.589,0.411,0.9817,Very Positive
"32. Amazing ! Place in Crown heights they do lunch brunch and dinner. I recommend coming for brunch and enjoy the vibes



33. We were here in 2019 before they closed due to the pandemic. We enjoyed it then and we enjoyed it more now. Krystal was awesome with her recommendations and we had a fabulous meal.



34. Patrick served my friend and me at the bar, and he truly made our experience special! His recommendations were delicious! We loved our bottle of wine! His personality and level of service really put this visit over the top. Highly recommend the sushi.",0.0,0.649,0.351,0.9925,Very Positive
35. Great food. Tried several items on the menu all very fresh and tasty. Our waiter Alexys took very good care of us. Would definitely go back again to this restaurant.,0.0,0.618,0.382,0.9438,Very Positive
"36. We enjoyed an excellent dinner at Blue Fin prior to going to a Broadway show. The place gets very busy so we were glad that we had made a reservation. Our server Tristan was personable, friendly and accommodating.",0.0,0.71,0.29,0.9255,Very Positive
37. This is a gem of a restaurant in the rush and noise of Times Square. Perfect for pre-theatre. The food is excellent and service attentive. I especially want to praise Krystal who was our waiter. She was lovely and efficient!,0.0,0.618,0.382,0.9625,Very Positive
"38. Terrific food and lovely place, out of the crushing mobs around Times Square. It doesn't feel like a pre-theater kid scene but the service is quick and the food delicious",0.087,0.661,0.251,0.8017,Very Positive
"39. Quiet respite from the chaos of Times Square and perfect for pre-show dinner. Adrian, our server, was a delight! Personable, attentive, and had excellent recommendations. We started with a glass of Chardonnay and shared the Bang Bang Rock Shrimp with Shisitos",0.07,0.664,0.266,0.8832,Very Positive
40. Had a wonderful meal and very good drinks (martinis). Glazed sea bass excellent wow. Waiter Alexys was superior. Timely w clearing table and knowledge of menu.,0.0,0.528,0.472,0.9577,Very Positive
"Tony's Di Napoli - Midtown
Local cuisine, Italian, Neapolitan, Vegetarian Friendly, Vegan Options
4.5
41. About 20 of us ate here and we had a great experience. We especially enjoyed their 1/2 salads that are so generous in size with the perfect dressing done by the table. Many of my friends selected seafood and veal dishes. Since I was not too hungry, I ordered the octopus appetizer. It was delicious.",0.0,0.697,0.303,0.9791,Very Positive
42. What a disappointment. Too loud. Seafood platter was over cooked and rubbery. The eggplant parmigiana specialty was just okay. Service was pleasant enough but food and atmosphere not great. Expected more given the reviews here. Recommend avoid this place.,0.191,0.67,0.139,-0.5486,Negative
"43. This is a great little find when looking for Italian fare when in NYC. The restaurant has quite a bit of seating and was busy when we went mid-week. We ordered the Lobster Ravioli (ok, though not exceptional), Salmon (wonderful), and the Chicken Piccata (good but a bit over-cooked). The Caesar Salad was remarkably good as the lettuce was very fresh and dressing light and flavorful. It is served family style and they say the dishes are for 2-3 people.



44. Very lively and LOUD! Do not visit if you want to have conversation. That being said, if you like a loud place, this one has good food at a reasonable price. We enjoyed the rigatoni and Caesar salad. Didn't have dessert but they looked delicious.",0.0,0.772,0.228,0.9875,Very Positive
"45. We loved the environment and we're so impressed with the attention of the staff who were so friendly. The pasta was as good. I particularly liked the Roquefort salad. Our waiter recommended the mousse cake and he didn't disappoint.



46. We had our fist dinner here and made reservations ahead of time. I'm glad we did as it was super packed even though it was a Thursday night and some people were waiting to be seated as walk ins. The food was great, big portions, so you have to order family style to share, they don't have individual portions there but everything was very delicious! We had Cesar salad and they made it in front of us, quite impressive.",0.0,0.756,0.244,0.9831,Very Positive
"47. I previously had a lunch in the upstairs area which is a bit nicer, and definitely quieter. That was really the only thing that stood out negatively, it was borderline loud with many big groups, and there weren't even any kids. Food was very solid as usual, and value is okay since you can share each full platter between at least two people. Service was also better, more attentive, faster last time but it wasn't terrible.!",0.0,0.846,0.154,0.8041,Very Positive
48. Dishes were served family style so the five of us ordered two entrees and salad. Everything was delicious. Nice selection of local beers on draft.,0.0,0.787,0.213,0.7579,Very Positive
49. Portion sizes are huge. There were 3 of us dining and we ordered 1 starter and 1 main with 1 vegetable side between us and couldn't possibly eat all of it. Slightly strange way of eating as all has to be happy to eat the same thing.,0.031,0.845,0.124,0.6697,Positive
"50. This place was absolutely amazing! The atmosphere when we arrived was fantastic, we were seated quickly even though it was busy. The food was 10/10 and the service was great too.",0.0,0.706,0.294,0.9199,Very Positive
"51. All of the plates are meant for 2-3 to share which is crazy! We ordered the chicken parm and the spaghetti pomadoro, which was very good. The service was a little slow but it was a Thursday night so it's understandable



52. I am a southern boy who likes Italian food. I got veal parmigiana and it was 100%. It i. s just exactly what we were looking for. Going back tomorrow.",0.023,0.87,0.106,0.7174,Positive
53. Sumptuous food. Worth the wait. On a weekend we couldn't get in and so we returned on a weekday to check what the hype was about. We would have missed something if we didn't try.,0.061,0.886,0.053,-0.0772,Slightly Negative
"54. The food was average, not the best Italian food I've ever had, but certainly the largest portion, perhaps more effort into quality, rather than quantity, may result better tasting food.



55. Cold food, cold plates (that arrived after the food), tasteless and overpriced. Location is good for Times Square, but that's the one and only positive - avoid. Street food has more taste. We may have been unlucky, but my guess is that the majority of diners were tourists - so will never go back. Waiter didn't (a) know his food or (b) care. We love eating out, we love great food - but neither of these boxes were ticked here - McDonald's is tastier.



56. We booked months in advance( as recommended )before taking in a Broadway show and on arrival understood why as it was packed. From start to finish it was so enjoyable, good service and food, great atmosphere and so New York



57. Being Times Square, we were worried this was going to be an unpleasant trap like Carmine's but were delightfully surprised by good service, reasonable (for NYC) prices, and outstanding food.



58. We had dinner here after seeing &Juliet (which is located just across the street). The restaurant was extremely busy, but we were seated within minutes of our reservation time. We were seated on the lower level (note, quite a few steps down). Our server was very good. The food was delicious. Portions are family-style, so they serve a few people. The prices were fairly reasonable for NYC.",0.065,0.681,0.253,0.997,Very Positive
59. It was a pleasure being guests at Tony's!! Both good and atmosphere excellent!! I highly recommend!!,0.0,0.435,0.565,0.9356,Very Positive
"60. Delicious, we will definite go back, good service. 
Lido Harlem
Vegetarian Friendly, Vegan Options, Gluten Free Options
4.5
61. ....Delicious Italian fare, great service, friendly atmosphere. This restaurant is a gem. We were here as a party of 4 on a busy Friday evening when the restaurant was at capacity and yet, we were able to have a nice conversation with each other. They offered inside and outside dining. We opted to sit inside (proof of vaccination is required inside). They checked our vaccination cards at the door. Look forward to our next visit!  



62. Resto with personality. Italian food elaborated according to a sophisticated american taste. Good service and cocktails. Pork chop is very tender and it is marinated superbly.



63. Always great. Tonight we had spaghetti with meatballs and it was delicious. Ordered takeout and picked it up. Next time we are getting the gnocchi. Everyone says it is amazing (really rich, but amazing).



64. Came with family for Labor Day weekend brunch as my daughter lives nearby and it's always been picked on previous visits. Had nice shaded and socially distanced outdoor seats on the avenue which is closed to thru traffic for the time being. Eggs Florentine panini, tomato and fontina omelet and chicken Caesar salad were all good. Service was attentive, friendly, and unobtrusive. Worth it!



65. Food was mediocre at best. The lamb chops are an image they feature on the websites opening page. It wasn't even listed on the menu. When I asked I was told they did not have it at this time. There was a hair in my water that I did not see until it was in my mouth. Disgusting. Overall, nice people. Bad food.



66. My co-workers were volunteering at a foodbank around the corner and we came here for lunch. What a find. Awesome Italian food with unique twists, not your standard fare. The atmosphere is very appealing, the prices very reasonable (especially for Manhattan) and the wait staff was awesome. I will be coming back.



67. Lido is an intimate boutique style restaurant. The servings are a unique combination of tastes, creative and delicious. The service was quick and everyone very friendly. Definitely going to return.",0.022,0.776,0.202,0.9971,Very Positive
"68. This restaurant will be on the top of my list next time I am in NYC. Loved the ambiance, The food was outstanding! Even got to visit with the couple who own the restaurant. VERY highly recommended.



69. Very good food and good variety all make this a great experience. The place is a bit noisy but service was good and we had a good meal.



70. This was my 3rd time coming. Every time I tried something new but each time ordered warm kale salad. It's is so good. Code fritters are great and shrimp with roasted cauliflower dish is a perfection. Gnocchi are a yummy option too if you want something more substantial.



71. I enjoyed a generous Florentine bacon Panini for lunch which delightfully came with a salad! Servers were attentive without being intrusive. Our party shared a delicious starter of Salt Cod Fritters, tender yet crispy!



72. We hosted a celebratory brunch for 13 guests this past Sunday, May 19th for my son's 30th birthday. Everything was perfect. The food was delicious, the staff (especially our waiter Wesley) were so attentive and the atmosphere was very stylish and appealing.



73. I'm sorry but I was not impressed with the menu or food. I'm new to the neighborhood and have been trying different restaurants. This was not a impressive as the ratings. The service was great, attentive and friendly.



74. The food was flavorful, service attentive but not intrusive, & a lovely atmosphere to share our meal together.



75. The space was energetic and filled with lively crowd. We sat near the bar and had two or three bar flies occasionally intrude on the table space as the wait staff tried to get to their station. However, that was the only table in the place that had the issue and it was a Friday Night! The food was excellent, service was pleasant and informed.



76. This was my first time eating here and I must say that I will be visiting again. The food, ambiance and service was great. I had the blueberry pancakes, scrambled eggs and biscuit with honey butter. Since I don't drink my friends enjoyed the limitless mimosas. We had a wonderful time so much we stayed for over 3 hours. Can't wait to go back. Thanks Lido.",0.036,0.671,0.293,0.9991,Very Positive
"77. We enjoyed a nice brunch at Lido - arriving at 10:30 and having the place pretty much to ourselves. By the time our food arrived, every table was packed and there were at least ten people waiting to be seated. That's a very good sign in an area of Harlem that had many, many choices! The service is very nice, my Sort Rib Hash Benedict was okay - the English muffins were too soggy when it was served which surprised me. Otherwise the food enjoyed by our party was very, very good.



78. I asked for Salmon and it was great! Also very good dessert (Tiramisu), capuccino was good also. The only thing to improve is that I personally hate when a restaurant offers the small bottle for Coca Cola!



79. We enjoyed a nice dinner here. It was a short walk from our AirB&B apartment. Had the pasta special for the night, and it was delicious. The white sangria was also yummy!



80. Overall an incredible dining experience. The drinks, appetizers, and food was delicious. I would suggest the polenta fries and the gnocchi!
Trattoria Trecolori
ItalianVegetarian FriendlyVegan Options
4.5
81.  This is one of the very best Italian restaurants in NYC. If you're near the theater district, go there for dinner.



82. Came here for pre-theatre launch with my daughter. Packed restaurant. They delivered bread and butter to our table-the bread tasted like it was dry and not the freshes. My daughters spaghetti carbonara came very hot and was delicious. My dish-chicken and asapargus with motzerella over plain linquini was not even warm. It was probably sitting in the kitchen and forgotten about. I'm not exaggerating-not hot, not even warm, and was very plain tasting. No real pasta sauce on the pasta portion. Will not be returning.



83. Great location. Close to the theaters and Times Square. Food and service were very good. Had the seafood risotto Delicious",0.03,0.746,0.224,0.9972,Very Positive
84. Had a great meal here. It felt a lot more relaxed than some of the other more well know restaurants in the North End. Home made pasta & bread made daily.,0.0,0.723,0.277,0.8746,Very Positive
"85. This is our go to in the theatre district, and again it was terrific. Arisvel V. was a great server, very helpful and available . we enjoyed the minestrone and special soup ( a bit over priced but a good portion), and the Pappardelle, which was delicious and perfectly prepared and served. Love the mini cannoli option, and prices of coffees are VERY reasonable. Thanks. Drink prices and drinks are very good; wine is appropriately priced.",0.0,0.59,0.41,0.9916,Very Positive
"86. Once again the food was delicious, out waiter helpful and the service prompt I had the veal scallopini which was wonderful. So moist and tender it melted in my mouth. Should not be missed. My wife loved the Fantasia, chicken topped with asparagus, mozzarella over linguini. Just a constantly great Italian restaurant.",0.039,0.66,0.301,0.9551,Very Positive
87. Seated promptly per our reservation. Service was timely and appropriate to our needs. Excellent spaghetti carbonara and veal piccata. Just what we were looking for in a post theater dining experience.,0.0,0.89,0.11,0.5719,Positive
88. I had the GNOCCHI ALLA BABA House made potato - ricotta dumpling in a tomato - basil sauce with eggplant and mozzarella. Paired with red wine. It was beyond delicious. The atmosphere is warm and the service is impeccable.,0.0,0.825,0.175,0.7184,Positive
"89. This restaurant is almost next door to the theatre, so we popped in for a quick dinner before the show. We had veal piccata and pappardelle pasta with marinara sauce, peas and parmesan cheese and mushrooms. All yummy. Service and atmosphere are great.",0.0,0.845,0.155,0.8176,Very Positive
"90. Amazing neighborhood spot in the Theater District! We had the minestrone, chicken tre funghi, and gnocchi baba, and all three were outstanding and reasonably priced. Our Greek waitress was outstanding as well. We will return next time we're in NYC.",0.0,0.723,0.277,0.9348,Very Positive
91. Fantastic pre-Broadway show restaurant. Enjoyed the wine selection. Wonderful Italian food and amazing tiramisu.,0.0,0.433,0.567,0.9371,Very Positive
92. I had the Twisted Palmer to drink and it was delicious. The fettuccine Alfredo with grilled portabello was amazing! I also had an affogato for dessert and it was very tasty as well. I sat at the bar and the bartender was attentive and friendly. I will definitely return next time I'm in town!,0.0,0.738,0.262,0.9464,Very Positive
93. Great food great service. We visited as a family and everyone was helpful . We had the most delicious starters and fresh pasta . Recommended,0.0,0.471,0.529,0.9589,Very Positive
94. Excellent birthday dinner! Service was excellent and very professional. We enjoyed the I Rigatone and the Cabonara. The pasta was perfectly cooked and reminded of Italy. The wait staff gave us time to visit and chat but it was never slow or dragging or rushed.,0.0,0.806,0.194,0.8349,Very Positive
"95. Excellent experience from start to finish, veal pecata and chicken Fantasia, both were delicious. Dessert- seasonal sorbets.",0.0,0.684,0.316,0.8126,Very Positive
96. Solid NYC Italian Trattoria. Very recognizable menu. Well prepared and served with style. The linguini white clam was excellent as were the lasagna Bolognese. Traditional appetizers and deserts were excellent as well.,0.0,0.633,0.367,0.9277,Very Positive
"97. We had antipasta, Caesar salad, Lasagna and tiramisu. Wow! All great. Fresh. Well prepared. Great location in the theater district. One of the best.",0.0,0.441,0.559,0.9712,Very Positive
98. Great dinner for our first night in New York! Our meal was delicious and all of the staff we interacted with were friendly and helpful with recommendations. I enjoyed the energy here and will come back.,0.0,0.606,0.394,0.9612,Very Positive
99. Never disappoints. Good quality food efficient service at good value for money prices. It's been three years since our last visit to New York and a lot has changed but this restaurant hasn't changed one bit. Well done and thank you.,0.07,0.701,0.229,0.7708,Very Positive
"102. We found this place online and we were so impressed by its super creative desserts. They are very tasty too! Not super sweet but creamy with the nuts aroma. LOVE this place and will recommend it to my friends who visit New York



103. My teenage daughter found this online before our trip and we were impressed. The lavender latte was something new and delightful for me. My daughter loved the cute baked items.",0.043,0.566,0.391,0.9913,Very Positive
"104. Every time I am in the city, I make sure to stop by this place. Everything is so good here! If you want the famous cream puffs, make sure to come after 12:30 pm.",0.055,0.698,0.248,0.7739,Very Positive
"105. Our stop each morning when in NYC! You must try the London Float. OH MY GOODNESS!!!! Their pastries are simply divine. I can't even explain how good they are!!!!



106. I'm so glad we made the trek out in the rain and didn't miss out on this place. I had a London fog late with freaking brown sugar cold foam and it was divine. I also bought 3 desserts to share with my family because how could you ever pick on?? The little llama was the best by far but I also really liked the cloud cake too. Yum!!!



107. Bibble & Sip was a short walk from our hotel. My wife and I ended up splitting a chocolate croissant, an Earl Grey cream puff, and a couple coffees. It was affordable and very tasty. There's typically a line, but it's worth it.



108. Unique bakery most baked goods are with lychee and / or matcha, the pastries are great (a bit to sweet for my taste) and not too expensive, staff is very nice.



109. Love the earl gray puff. Seriously so yum! Place gets very crowded and is very small, but the staff is friendly and the dessert is yummy.



110. I've been to Bibble and Sip 3 times. On my last trip I got the Earl Grey banana bread and lychee strawberry pig pastry. Both we delicious, but the lychee strawberry pastry was extra decadent and Oh SO good. I've also had the earl grey and matcha cream puff's in the past. Both are good, but I prefer the earl grey. The last is a bit lighter than that of the matcha. I had the Matcha lavender latte which was surprisingly good, but a bit on the sweet side so don't add extra sugar before tasting. Enjoy!",0.016,0.738,0.246,0.9976,Very Positive
"111. Delightful treats. Korean pastries that are delicious, light and almost too pretty to eat. Must visit when in NYC.",0.0,0.62,0.38,0.8865,Very Positive
"112. This is a small coffee shop type place with minimal seating and elaborate cutely made desserts. The desserts are decent, but inconsistent. Some taste great, others have little flavor.",0.0,0.787,0.213,0.8074,Very Positive
113. It was ok... It was not the best dessert that I tried but the store is nice and the boys were really friendly.,0.071,0.653,0.276,0.805,Very Positive
"114. good place to take a break from all that walkin'. Little shop, a bit long line and not cheap (but what is..?) the round puffs were great!",0.0,0.767,0.233,0.807,Very Positive
"116. The pastries are little works of art and the coffee delicious works of taste. Clever and creative coffee combos, bourbon and Carmel? Yes please!



117. Had take out coffee twice. First time was reasonably good for American style latte, second time not so much



118. Ok, I wanted to try all the cream puffs, but we chose the matcha and we were not disappointed. The lattes are excellent too. Very cool vibe in this little spot in the Theater District.



119. We stopped in for a little dessert after dinner before a show. I had a tea float and a cream puff so good, and my friend had a alpaca bar and a coffee.



120. Great place for desserts, coffee or tea. All different kinds of flavors. I had green jasmine cold tea. It was so good.My friend have a lavender latte that also was delicious. Both our desserts where amazing.",0.013,0.69,0.297,0.9944,Very Positive
"Times Square Diner
AmericanDinerVegetarian Friendly
4.5
121.  Fantastic choice for an excellent meal with a local feel despite a location that's a stone's throw from Times Square. Hot chocolate made from real milk, freshly squeezed Orange juice and crispy bacon. And then the yummy (big) fluffy pancakes!



122. looks very fancy, not crazy expensive, food came VERY fast, server was very kind!! awesome vibe and beautiful decor/design.",0.0,0.658,0.342,0.9835,Very Positive
123. Excellent food and service. Lovely friendly family diner near Times Square. Would definitely recommend a visit.,0.0,0.409,0.591,0.9423,Very Positive
124. Had perfectly poached eggs on toast with bacon and home fries which hit the spot. A block west of Times Square at 49th. Coffee weakish but better with an espresso topping it up. Service quick and friendly. Prices ok,0.071,0.659,0.27,0.9001,Very Positive
"125. This diner was just around the corner from the Riu Plaza hotel from where my wife and i were staying. We had some lovely meals in here and the staff were friendly and attentive at all times, loved this place and can recommend it to anyone staying around Times Square.",0.0,0.774,0.226,0.9246,Very Positive
126. Found this little Gem on TripAdvisor and it didn't disappoint! If your around Times Square id recommend a visit! It's also quite a beautiful setting inside!,0.0,0.691,0.309,0.8698,Very Positive
"127. Don't be put off by the outside of the building. Waiting to greet you inside are a team of friendly, efficient staff and good food. Bottomless coffee & generous, traditional NYC breakfast.",0.0,0.642,0.358,0.926,Very Positive
"128. Our 8 year old daughter says the chocolate chip pancakes are super yummy! No wait at 9:45 on a Wednesday, which is good if your looking for a quick stop during your trip. Fast and friendly service, and more then enough food per portion!",0.081,0.662,0.257,0.8906,Very Positive
129. Mediocre food with no extras like hot sauce or jam to dress up your meal. The place is busy and food is cooked there and served very fast.,0.069,0.852,0.079,0.0772,Slightly Positive
130. Applebee's is lovely. They have a few diners there on a few blocks. I had oriental salad which was really good.,0.076,0.643,0.281,0.7264,Positive
131. We weren't too fussed on the food or service here. The potatos were disgusting.. crammed in at bar as well. It wasn't cheap either,0.0,0.92,0.08,0.2732,Slightly Positive
"132. Visited based on the trip advisor reviews and wasn't disappointed. Friendly and quick service! Food was good, not great - maybe just a poor menu choice",0.268,0.575,0.157,-0.594,Negative
"133. Service was quick and friendly. We had the French toast and fruit, which was very tasty! The breakfast filled us up for the day.",0.0,0.873,0.127,0.5411,Positive
"134. Huge portions of excellent food! Greatly enjoyed the Greek salad with grilled chicken. My spouse had fish tacos, which looked great. My son enjoyed a vegetarian omelette.",0.0,0.556,0.444,0.9557,Very Positive
"135. Great place for breakfast, deli sandwich (Rueben is excellent) or a night cap. We stayed on 8th Avenue so we stopped in for a night cap on night and then breakfast the next morning. Highly recommend and will return.",0.049,0.794,0.156,0.6922,Positive
"136. Great food, great service. Really quick & friendly staff. The omelettes are really yum and the food is averagely priced! Would recommend",0.0,0.554,0.446,0.9379,Very Positive
"137. Service was fast, food was great. Wish we had had more time to enjoy it. I had a bagel, husband had chocolate chip Pancakes (huge) and son had a Belgian Waffle. We were all happy.



138. We visited for our first time with my brother who has been going for 8 years, minus Covid and 2021. Great wait staff and service. Everything is homemade.....turkey, dressing sweet potatoes. We will be back.



139. Service was fast, dining area was clean, and staff was super friendly and accommodating! Not to mention the food, which was amazing!



140. Visited with family. I was hungry so had the full breakfast whilst others had the pancakes. All enjoyed the food and the experience. Thanks to Leo the lion! Would definitely return.
Patzeria Perfect Pizza
Quick BitesItalianPizza

141. I put this pizza parlor at the top of our itinerary after reading all the great reviews. We ordered a medium pepperoni pizza and a rigatoni alfredo. Pizza was amazing! Our family rated it a 9 out of 10.



142. Happened upon Patzeria after a show for a quick bite. We had the margarita pizza. The crust was perfect! The restaurant staff were quick and courteous. Will definitely visit again.



143. Great pizza, served up quickly! I come here every time I'm in the city. This visit was just as good as any other. There's lots of pizza by the slice in NYC, but this place is my favorite.



144. If God told me I had a day to live, and told me I had three meals left in NYC, one of those would be Patzeria Perfect. Special thanks to Juan and the crew for outstanding service.



145. I'm a pizza snob and I thought it was very good--got margarita and vegetarian slices. You order pizza and can sit outside at a few tables they have set up with heaters.



146. Amazing pizza - came back three times during my six day stay. Super fast and easy - they have seating outside or just get it to go. My favourite pizza I had in NYC.",0.01,0.756,0.234,0.9976,Very Positive
"147. I expected this place to be overrated, but it was one of the best slices of pizza I've ever had. I highly recommend this place for a quick bite, or a pizza to go.",0.0,0.753,0.247,0.8883,Very Positive
"148. Fantastic pizza. This place was packed, with a line out the door. But, totally worth the wait. The crust is the best anywhere.



149. We stop here every time we are in town. Great pizza, convenient location, quick and friendly staff. S great place to get a quick bite before or after a show.",0.038,0.6,0.361,0.9792,Very Positive
"150. The slice of pizza was delicious. So happy to see this place by my hotel, the Marriott Marquis. There were heaters outside by the tables",0.0,0.74,0.26,0.857,Very Positive
"151. A good slice of pie after 2 hrs walking the city. Friendly guys we're cooking and served it up. Hotel concierge recommended this place. I thought my pizza was delicious, thin style.",0.0,0.691,0.309,0.891,Very Positive
"152. Open late - was able to get a few slices after a late-night comedy show and they did not disappoint. Had a veggie slice, cheese slice, and bbq chicken slice. Fresh and hot!



153. Best pizza I've had in NYC. Always perfect. Great location in time square. Has small outdoor dinning area. Small place but quick service. Took a large crowd and everyone said best pizza they have had.",0.0,0.757,0.243,0.9487,Very Positive
154. We got to NYC and wanted a slice and we were not disappointed. Wait was not bad and pizza was delicious. Yummm that crispy bottom is SO good! They have some seats on the sidewalk.,0.0,0.702,0.298,0.9207,Very Positive
"155. Great variety of pizzas by slice or whole. Reasonably priced. Heated each slice. Ate here every night after shows. Staff very friendly, helpful and fast.",0.0,0.683,0.317,0.8927,Very Positive
"156. Very very good pizza! Don't judge a book by its cover! We came here based on location to our hotel and trip advisor reviews and it didn't disappoint! The pizza is brilliantly cooked and so tasty! Garlics knots as recommended are also amaZing!



157. Great for a quick slice in the Midtown/theatre district. My friends were visiting NYC for the first time and wanted authentic pizza, and this shop did not disappoint!",0.0,0.708,0.292,0.9775,Very Positive
158. Reaaaalllyyyyyyy a great spot for afternoon and late night munchies. Super friendly staff. We were welcomed and attended to the whole evening while we were there.,0.0,0.618,0.382,0.9274,Very Positive
"159. Pizza was great! Convenient location for us being in Theatre District. Prices are always more expensive in NY, so that was to be expected. First time we went there wasn't any seating, so we left and then ordered from hotel on a different day.",0.0,0.907,0.093,0.6588,Positive
"160. Forgot the name of this place and only just found it out. So good I'm doing a review 2 years late. Best pizza we've ever had, was perfect to end a busy day with a couple of beers
The Capital Grille
AmericanSteakhouseVegetarian Friendly
4.5
161.  Such a great food and atmosphere. We were a tad underdressed not realizing the dress code but they were still wonderful to us. Order the bacon appetizer it is to die for!!",0.061,0.739,0.2,0.8822,Very Positive
162. We had booked on Thanksgiving which is my wife's birthday.,0.0,1.0,0.0,0.0,Neutral
The first person we spoke seemed to be overwhelmed with the busy situation.,0.0,0.909,0.091,0.0516,Slightly Positive
We were left hanging about like a fast food establishment wondering what next.,0.0,0.815,0.185,0.3612,Slightly Positive
"The situation improved when we reached our table and had a helpful and informative waiter (Mark) a Californian gentleman.



163. Great restaurant! The ambiance was elegant and quiet...food was superb. It is pricey but we'll worth the price. Servers were attentive and quick to respond to customers.



164. After several years, I visited CG 42nd with my family. An excellent treat! Our favourite is the Mignon, with the potato mash and the spinach. Not cheap, but worth every dime ??",0.0,0.716,0.284,0.9737,Very Positive
165. Superb food and great staff Barry served us and he was the absolute professional. Advised us well and the food was unreal. Tender steak and great wine. Barry was unreal. Great stories and lovely guy. Hope we get him again.,0.0,0.574,0.426,0.9781,Very Positive
"166. Big restaurant. Booths for 2. Incredible ambiance. Dim lighting. Food was superb. Service was impeccable. Heron G was wonderful.



167. We have eaten in Capital Grills all over America and this probably our favourite venue. Whether it has been affected by the pandemic or just a bad night we were pretty let down by some aspects this time. Unfortunately the main issue was the attitude of a member of staff called Miles. His attitude was unfriendly, cold and rude. This really affected our evening and we left pretty annoyed.",0.16,0.698,0.142,0.0258,Neutral
168. Food was mediocre at best. Service was rushed & just plain rude. Inexcusable for any restaurant let alone such an expensive one. We will never come here again. Hotdogs from a street vendor would have been better.,0.113,0.726,0.161,0.4767,Slightly Positive
169. A top restaurant in NYC. Difficult to fault. Fantastic wine list coupled with a wonderful menu. The steaks are amazingly tender and the sides are all fantastic.,0.137,0.528,0.335,0.8176,Very Positive
170. Amazing food and great atmosphere. Professional service. Great place for business meetings in midtown.,0.0,0.5,0.5,0.9186,Very Positive
"171. We had dinner at CG on Christmas Eve. Billy was so knowledgeable, efficient, and friendly, that it made the entire experience a delight. It really set our trip off in the right direction. We returned for our last meal before leaving town. The food, service, and ambience were all top notch. If you have the chance to join the CG for dinner, don't miss the chance.",0.0,0.747,0.253,0.9487,Very Positive
172. We frequent Capitol Grille every time we travel and I have to say that this location by far is the worst. Went on two separate occasions and both times the steak was charred and tasteless. Tonight we came to the location on 42nd and it did not disappoint.,0.078,0.879,0.043,-0.4295,Slightly Negative
173. I love this place. Delicious food...incredible drinks...best gin and tonic ever and dessert that is hard to top.The service is exemplary and they set a standard that others might wish to emulate,0.036,0.692,0.272,0.8807,Very Positive
"174. I came in with my family for their famous Stoli Dolis and we were not disappointed! Service was A+ our server was wonderful, I believe his name was Jeremy.",0.0,0.799,0.201,0.7612,Very Positive
175. Very rushed by a server with a bad attitude. Food was excellent but felt like we were just a bit of a nuisance. Expect a better attitude for over 110 per head !!,0.06,0.671,0.269,0.8309,Very Positive
"176. We went with the four of us, everybody had an excellent meal. I ended up having the bone-in filet which happened to be the best tasting steak I have ever had :-) Service was excellent we had a great time !!",0.0,0.647,0.353,0.9617,Very Positive
"177. Great food been to three locations garden city, nyc and Vegas and by far the best burger I had steak is good to but the burger did the trick just a long wait make reservations",0.034,0.781,0.185,0.7003,Positive
"178. Very friendly waiters, soft music, dark furniture for a serious and formal atmosphere. Good wine. Wonderful meat (the Rib-eye had been my choice). Sides are generous and very well prepared.",0.031,0.544,0.425,0.9491,Very Positive
"179. Very, very good food and good service by NY standards! Hot, plentiful, genuine food. No fancy pants here which makes it perfect.",0.068,0.591,0.34,0.8669,Very Positive
"180. As usual , the Capital Grill is an upscale experience-dry aged prime beef, good atmosphere, etc. we were seated promptly. WAitress less than attentive and kept forgetting things/- another napkin, a glass of wine ... fortunately a hostess intervened to be sure we got what we requested.",0.0,0.892,0.108,0.6369,Positive
"Saar Indian Bistro
IndianVegetarian FriendlyVegan Options

181.  All the course we ordered were 5 stars. From the appetizer, to the entree and the naan. Don't be in a rush and come here, it takes time to make such great tasting food.



182. 5 Stars Really attractive eatery. Food was delicious and the service was excellent. Reasonably priced (for NYC). The chef used coconut milk to ensure my wife's dish was Vegan. Every one there friendly and attentive. Best meal yet in NYC



183. Roti was thick! Beetroot tikki is so sweet that you won't need a dessert. Paneer was as hard as rock! Service was poor. Food oily! Told the owner about the food, he was least bothered! Avoid this place.",0.072,0.711,0.217,0.9722,Very Positive
"184. We had reservations and that's recommended. The service was great and our server was genuine and a delight. She recommended some great starters. We had a party of four and ordered three entrees to share and one vegetarian for one person in our group.



185. The Quality and service of SAAR Team was excellent and I enjoyed the same. Further Divya was very helpful and catering to the requirement of all the customers. Kudos of SAAR for providing authentic Indian Food !!",0.0,0.666,0.334,0.9868,Very Positive
186. Awesome experience! Food was very tasty and drinks were great! Highly recommend giving it a try! Great customer service!,0.0,0.425,0.575,0.9635,Very Positive
187. The food was excellent. Service was very good. Loved the butter chicken and Malai Kofta. Nans were delicious. Recommend it,0.113,0.412,0.475,0.9212,Very Positive
188. The service was first class and the cuisine was the best Indian food I have had in the States. I recommend the Delhi Ka Butter Chicken!,0.0,0.767,0.233,0.7901,Very Positive
"189. The food was purely delicious, cozy atmosphere, nice and relaxing music, calming lighting, excellent service. We are only for five days in NY but we are coming back!",0.0,0.686,0.314,0.8397,Very Positive
190. Good location for Broadway theater shows. Authentic and somewhat creative Indian cuisine. Good service and pleasant atmosphere.,0.0,0.545,0.455,0.8935,Very Positive
"191. Chose this retaurant because of its high ratings. We were not disappointed. Delicious food albeit too much food, so next time we will order less. Every dish was beautifully flavored and delicious",0.145,0.703,0.152,0.0665,Slightly Positive
"192. Great options for both vegan and gluten free diets. Mushroom risotto was to die for, as was chaat appetizer. Delicious wine selection.",0.115,0.559,0.326,0.802,Very Positive
"193. Perfect place with cozy atmosphere and very clean. Food is extremely good, taste. Staff very good, always ready to advise",0.0,0.502,0.498,0.9417,Very Positive
194. Nice food friendly staff that guide you through the menu whilst making your choice and the food was excellent,0.0,0.637,0.363,0.8658,Very Positive
195. Our family of three loved our dinner at Saar. The service was warm and the food was well prepared. Our shrimp was cooked perfect. The chicken korma was outstanding and we loved the yellow dal. Our 11 year old had three helpings. Try it!,0.0,0.637,0.363,0.967,Very Positive
196. My wife and I have come to eat a few times during Covid. The food is excellent with a great selection. Every time we've been the service and the staff have been fantastic. Could not recommend an indian restaurant downtown more than Saar,0.042,0.733,0.226,0.8831,Very Positive
197. Service was great. Extremely welcoming. Food was absolutely amazing.I will definitely come again. ..,0.0,0.539,0.461,0.8822,Very Positive
198. We dined before seeing a show. The food was excellent as was the service. The flavors of the food were traditional but in a more modern presentation.,0.0,0.914,0.086,0.3291,Slightly Positive
199. We went twice. I love Indian food and the first time was good. The second time was very disappointing.,0.131,0.602,0.267,0.5584,Positive
200. The place has awesome ambience and amazing food especially the pindi chole and aloo kulcha and this one staff member who was white and with a beard and skinny was really good and sweet give him a raise if possible,0.0,0.709,0.291,0.9366,Very Positive
"Angelina Bakery NYC
BakeriesCafeEuropean
5.0
201. The food is absolutely delicious the croissants to die for. I can't get anything like this in St. Louis. Fresh my daily, The Americanos are wonderful.",0.143,0.619,0.238,0.6102,Positive
"202. Lovely bakery and some yummy croissants, we have breakfast a few times here as it was close to our hotel and we loved it, the Nutella and pistachio croissants were delicious.",0.0,0.646,0.354,0.9413,Very Positive
203. Seeing the dessert samples from the street made go inside and try the dessert and the coffee. Place looks great. Lots of seating and workers are friendly and smiling. Tried the Bombolone with Cappuccino,0.0,0.757,0.243,0.8834,Very Positive
"204. This shop is right next to our hotel, we had breakfast there every morning, really enjoyed everything from croissants, chocolate cake, to coffees.",0.0,0.865,0.135,0.5563,Positive
"205. I stayed at the Holiday Inn and wandered by for a quick grab and go breakfast. I'm so glad I did! I stopped in 3 mornings in a row, and every croissant that I tried was amazing.",0.054,0.678,0.268,0.8589,Very Positive
206. Love the place for pizza Perfect lunch spot for a quick bite Clean and upstairs room to sit down Usually not busy,0.0,0.642,0.358,0.891,Very Positive
207. Amazing we loved coming here and grabbing a coffee and a treat. Would come again when in the area yes,0.0,0.534,0.466,0.9201,Very Positive
208. Really great food the desserts were amazing and croissants breakfast sandwich. Can be a bit pricey if you have a big family but totally worth it,0.0,0.736,0.264,0.7837,Very Positive
209. Great place there was a lot of good choices here to eat and the food was delicious good vibes and the atmosphere was good,0.0,0.535,0.465,0.9477,Very Positive
210. This is great place for desserts. We come here almost on our every visit to NYC. We love the bombolones and the Gelatoes.,0.0,0.726,0.274,0.8519,Very Positive
211. good desserts! clean place. also has a bathroom in case you needed one! Usual Angelina you cannot go wrong with them,0.0,0.673,0.327,0.8289,Very Positive
212. We were on our way to times square and randomly popped in because the food on the window looked divine and it was not a let down. Everything we had was amazing.,0.0,0.802,0.198,0.8126,Very Positive
"213. Everything perfect, fresh and tasty! We ordered the Nutella and Strawberry croissants roll and they were amazing!",0.0,0.591,0.409,0.8856,Very Positive
"214. excellent ,you need to go and taste this delicious place ,we went breakfast dinner an evening time !!",0.0,0.663,0.337,0.8644,Very Positive
215. Amazing!!! Gelato and pastries are super fresh and delicious. Highly recommend!! The cake pops are huge and the cream filling is creamy and flavorful. Seating area small but comfy.,0.0,0.639,0.361,0.8901,Very Positive
"216. This bakery has DELICIOUS coffee and pastries!!! It's clean, pretty, and friendly :) we had to come back twice in one day for more!",0.0,0.541,0.459,0.9514,Very Positive
217. Wonderful pistachio croissant and strawberry gelato!!! We had an enjoyable time sitting upstairs after a long walk.,0.0,0.667,0.333,0.8164,Very Positive
218. Wonderful coffee and croissants! Love the savory and sweet breakfast croissants! The employees are very knowledgeable and nice.,0.0,0.508,0.492,0.9387,Very Positive
"219. We stop here every time we're in the area. Everything we've tried is absolutely amazing, highly recommend!!",0.088,0.602,0.31,0.7603,Very Positive
"220. Great pastries, and the savory stuff is equally tasty. Definitely try the signature bombolone. Highly recommend.",0.0,0.593,0.407,0.8622,Very Positive
"Kung Fu Little Steamed Buns Ramen
ChineseAsianSoups
4.5
Excellent food, Excellent price! Very Central located. The only negative is that you must make a reservation for not waiting",0.222,0.588,0.189,-0.3164,Slightly Negative
221. .....,0.0,1.0,0.0,0.0,Neutral
222.  Perfect delicioooous food. Fair prices ( extremely affordable considerong its location) . Quaint little spot. Recommend!!,0.0,0.577,0.423,0.8319,Very Positive
"223. Excellent food, Excellent price! Very Central located. The only negative is that you must make a reservation for not waiting",0.13,0.599,0.271,0.6114,Positive
"224. Loved it. Food was amazing, a must do in New York Relaxed environment, great choice and lovely food. Didn't have to queue long to get in, worth the wait.",0.0,0.526,0.474,0.967,Very Positive
"225. Went here for dinner as my daughter had been craving soup dumplings and she wasn't disappointed! Food was excellent and staff were helpful, even other guests helped us choose from the menu. Matcha latte was a hit too.",0.029,0.762,0.209,0.842,Very Positive
226. The best ramen I have ever had. Tiny place and open til 10pm which was great. They don't serve any alcohol. Hand pulled noodles were incredible and the pork dumplings were beautiful.,0.03,0.618,0.352,0.9442,Very Positive
"227. Delicious Asian dishes, led by its signature ""buns"" and Ramen noodles. Also, scallion pancakes stuffed with beef. Excellent prices. Small dining room, but worth waiting for a table - or get takeout.",0.0,0.799,0.201,0.7227,Positive
228. Duck bao. Michelin star. Absolutely one of the Best dim sum items I have ever had. Went to the one on 55th. Great menu. Will be back!!,0.0,0.738,0.262,0.8715,Very Positive
"229. Delicious food for and even better fresh if you're able to get a table. Worth the wait! Come off hours. Soup dumplings, pork ramen and beef and chili hand cut noodles were all amazing.",0.072,0.547,0.381,0.9402,Very Positive
230. Super busy for good reason! Food was great and the options for teas were great!! Loved the menu options and variety of ramen!,0.0,0.457,0.543,0.9697,Very Positive
"231. super food, best affordable restaurant near times square!!! Love it, and will return here to taste the other dishes on the menu.",0.0,0.603,0.397,0.9346,Very Positive
"232. Hot and fresh, came out quickly. Small place and you pay a 15 percent up-charge to dine in. Overall worth eating at enjoyed",0.05,0.681,0.269,0.7269,Positive
"233. The restaurant is scrupulously clean. Staff is very pleasant and polite. The steamed duck buns were to die for. All of the food was delicious. Prices are good. Can't wait to go back!



234. I did a four-hour walking tour earlier in the day on a bad knee, so needed to stay in tonight. Ordered delivery from Kung Fu Ramen, food arrived hot, well packaged and delicious. The pork soup dumplings were awesome, as was the chicken hand cut (dao xiao) noodles. Both were great. Highly recommended!



235. The dumplings where absolutely amazing. But the pho was just average or maybe below. It was very blane with no flavor. But the cold noodles where also very good. Service was very fast and pleasant. Will definitely go again. Just not for pho.



236. Went here for lunch after a recommendation from our tour guide, and she was not wrong. We ordered the steamed Soup Dumplings, Hand cut noodles with beef & vegetables, pan-fried pork dumplings and spring rolls. EVERYONE agreed that the Soup Dumplings alone were worth the walk to Hell's Kitchen. Be sure to ask the waiter for advice on how to correctly eat the dumplings so you don't get hot soup all over you. We also loved the noodles and pan-fried dumplings.



237. We waited approximately 15 minutes on a Friday night at 6:30pm to be seated. Service was excellent and all of the dishes we tried were delicious. The pork soup buns and wonton soup buns were both a big hit.



238. Dim sum- yes, Ramen- no. This tiny place is a mixed bag...the ramen was so plain and flavorless we didn't eat it. But the steamed dumplings filled with soup- oh my gosh delicious! As is the pancake with beef and the Peking duck bun.



239. Great food and service, prices are super reasonable and the restaurant is in the Michelin guide!! A must have are the steamed dumplings, although everything else we had was delicious



240. We found this restaurant through trip advisor. It was very close to our hotel. We arrived around 5:30 and had no problem getting a table. We ordered pork dumplings and the house special noodle dish. Both were very good! Nice staff and menu. Very reasonably priced. I am sure we will be back!
Victor's Cafe
LatinSpanishCuban
4.5
241. Very authentic Cuban food. A bit pricey,but worth it for the ambiance and good food. Very good cocktails as well.



242. I can't believe how bad this food was! I hadn't been to Victor's in a while and was looking forward to it. I always loved the Oxtails. They are COVERED in tomato sauce or something. What happened to the nice brown gravy and tenderness hey used to have? The food tasted so commercial and no longer authentic Cuban food. Shame on you Victor's Cafe. You are now officially a tourist trap!



243. This was a perfect choice for a pre-theater dinner. Right across the street from funny girl. Service was excellent, prompt. The food was also delicious. Between the two of us we had a few appetizers, shrimp, dish, and beef dish, as well as a Cuban dessert of guava cake and ice cream.



244. This Cuban restaurant was just right for a Sunday brunch with friends. We had sliders and sea bass, plus a few dishes to share. Service and atmosphere were find.



245. I love this restaurant. It has a huge dining room in back with full skylights, so you get a wonderful ambiance. The servers have been here forever, and they are awesome. Food is great. They have great cocktails and wine. Overall, it's just a great place to visit.



246. I visit NYC regularly and try to see a Broadway show a few times a year. Lots of options in the area but not all are great. Glad I found Victor's Cafe on my last trip. More upscale atmosphere and a nice dinner before a show. The service was friendly and efficient, sangria was amazing and food was excellent. Highly recommend.



247. Excellent food, service and atmosphere! Our Concierge recommended this restaurant and it was a wonderful experience! We Had dinner here before a show. The service was very good as was the food!



248. A wonderful find in a city bustling with restaurants! This place was lively and fun. The service staff was outstanding - always there to refill water and efficiently deliver your food. Delicious cocktails, entrees and desserts! We had a great time and enjoyed our delicious dinner!



249. Victor's cafe was a disappointment from service. Food was very good but service was lacking overall. Also the ambiance of the Cuban cafe is gone with their entertainment which is no longer offered.



250. The Paella was great. The chicken empanadas were sort of cold and limp. We probably did not know what to expect with Toscones - but it turned out to be chewy plantain chips. Service was a bit slow and the inside decor was great.



251. This was an after-show dinner and we were fortunately seated at a quiet table in the back before the dinner rush began. Sharing the delicious guacamole appetizer we wished for more than six chips - but it was delicious and we enjoyed the remaining guacamole with the chips served alongside our Cubano sandwiches - another delicious experience. Dessert was a rich chocolate gelato and crunchy churros. My only warning concerns the size of the Cafe Americano - I did not expect an espresso-sized serving! However, I enjoyed the food, the service and the ambience. Would definitely go again.



252. We usually go to Victor's whenever we are in the theatre district. Lovely setting and the food is delicious. Service is always exemplary. We had really great snapper. Plantains are delicious.



253. We have been coming to NYC for a week of Broadway shows and great food for many years. Victor's Cafe is always at the top of our list! The food is delicious, and the service by Armando is absolutely impeccable. He is also very helpful with suggestions when you have trouble deciding. You cannot go wrong with anything on the menu, but you must save room for dessert!!! The guava berry cobbler with vanilla ice cream is heaven in your mouth!! Always ask for Armando!!



254. Great service and staff Delicious / fresh food Place very clean and elegant Relaxing atmosphere and good choice of music



255. In the theater district, next to Neil Simon Theater, very convenient. Delicious food, great wait staff and good music too. They know how to get you in and out for dinner before a show without making you feel rushed. The Cuban flavors were fabulous. Staff very helpful and thoughtful. Family owned and operated. Highly recommend!!



256. Folks were very nice and attentive. It's a cool vibe venue. The guacamole appetizer was delicious. The pitcher of sangria (red) was wonderful. However, my vegetable paella was very salty. I was unable to finish it! So was a bit disappointed.



257. The service and atmosphere at Victors's was great! We were killing time before a show (the restaurant is right next to the Neil Simon theater where MJ is playing) and we walked in without a reservation. We were seated in the bar area and received EXCELLENT service. If you like Cuban cuisine, I am sure you will love the food, decor and attentive service.



258. We went here for dinner before a 7pm show. The service was excellent, our waiter Diego was very nice. Food was awesome. We ordered the empanadas, croquets, ropa vieja (a classic dish) and salmon. The plantanos were amazing. We also got the tres leches and churros for dissert. We love it here and we can't wait to come back!



259. We had been to Victors for a quick meal before a show in summer of 2019. We were so impressed and couldn't wait to go back for a leisurely dinner. We are from Texas, so this was a rather big deal. Then the pandemic happened. We braved the high transmission rate in NYC and returned tonight with website assurances of outdoor dining. Turns out it no longer exists. If this is important to you, know it is no longer available. We had a lovely dinner at a restaurant with outdoor seating overlooking Bryant Park.



260. We had a pre-show dinner and it was SO good! The service was very good. The decor is great - we were in the in door ""patio"". We had excellent sangria, the 1492 Aperitivo Cubano was the best appetizer sampler plate I have ever had - there were so many delicious things included.",0.047,0.645,0.308,0.9999,Very Positive
We also feasted on Ropa Vieja which was great. And can't forget my favorite boiled Yucca with garlic mojo.,0.102,0.66,0.238,0.5083,Positive
"They got us in and out with plenty of time to make our show. Stress free and delicious.
The Mean Fiddler
IrishBarPub
4.5
261. This is a very loud, dark, wanna be Irish pub. Menu by qr code....if you are over 60....might be best to find another place



262. We had reservations, but when we got there, they said they were too busy so they could not take us!



263. I was under the impression this was an Irish Pub - it's more of a bar seen. Pleasant waitress, good food, so-so ambiance. I would return for drinks at the bar with the very talented bar tenders. Thank you for the delicious peach shots before dinner - a nice surprise!



264. My husband and I really enjoyed our experience at this awesome pub. We decided to go there for a drink and snack while we were waiting for our daughter to finish working. Needless to say we really enjoyed our drinks and spiced cauliflower nd mozzarella sticks. Our server as well as the rest of the staff were very efficient and extremely friendly! We also received a very good green tea shot which was very good as well!",0.008,0.672,0.321,0.9977,Very Positive
"Highly recommend!



265. The old gentleman at the door, was so disrespectful and not professional",0.0,0.819,0.181,0.474,Slightly Positive
"It was a Sunday night ST Patrick's day weekend, he didn't let me i. With my friends cause they were Iris and I was not",0.0,0.876,0.124,0.4767,Slightly Positive
I couldn't believe it,0.0,1.0,0.0,0.0,Neutral
He is at the door and his job it's to make sure everything it's ok not to be a disrespectful man at the door,0.0,0.824,0.176,0.5423,Positive
"He is and african american old man with grey hair.



266. Visited NYC to celebrate my 21st birthday with my family & OMG this bar made my birthday the best ever! Fantastic atmosphere, amazing staff and even better beer! Couldn't recommend enough, i will 100% be back. Don't miss out on an enjoyable evening in this bar, which also sells cracking food! All the best to them :)



267. The blond hair women behind the bar is so rude, In conversation walking off! Cocktails and vibes amazing but she really spoilt it!



268. WOW! What service and amazing spot! We had the best item at this pub. The staff, service and ambience was so good. The DJ was outstanding. A young crowed who knows all the lyrics to the 80's and 90's songs. The service was 10/10. So many ppl stopped by to see if our Sri is needed to be replenished and asked by a few ppl how our food was. If I'm NYC check this place out!!



269. Visited here for lunch during our trip to New York and was nothing short of horrified over the food prices at this pub... ordered a portion of chicken tenders expecting at least some fries to come with it but what came was 3 chicken tenders and some leaves... $19!!! And an extra $10 if you wanted fries... I wouldn't mind paying money for nice food but the tenders were bland. The 2 stars is for the staff as the Irish girl was lovely... but there are much nicer places to eat in New York City, avoid!



270. We had the most amazing time at this place. The food was incredible. The drinks were great quality. The atmosphere was brilliant. Our server was perfect, the best we had the whole time we were in New York, she was so attentive and friendly (sorry we didn't get your name, a red headed girl - 11/16/22 around 7pm). Highly recommend!



271. Average food and service , can only imagine reviews are so good as food are taking part in the bottomless brunch and might be good value",0.028,0.711,0.261,0.9987,Very Positive
"Very expensive for 3 mini sliders , a portion of fries and curry sauce and a veggie burrito was about $80 and service with a smile it was not , waitress was pleasant can't understand the reviews for this place , maybe was an off night



272. Went into the mean fiddler on recommendation and it did not disappoint the atmosphere the music the decor the staff all made for a really great experience in New York. Aisling a really nice young girl from Galway was so polite and helpful drinks where reasonably priced the bar was really clean and the food was amazing . Also if you like they sell packets of Tayto crisps for a little taste of Ireland. If you are looking for a good bar with great food I'd recommend the Mean Fiddler very much



273. We had a blast at The Mean Fiddler! We had Louisa as a host and she was brilliant. The food was banging, drinks were flowing and the service was incredible. Can't recommend this enough, tunes were banging as well. Thank you Louisa from your Scottish gals, we love you so much.



274. The Fish and Chips was excellent. Of course it was even better with a cold Guinness draft. We ate outside in the covered dining area. We thought it was more quiet and allowed for better conversation. Our server Sara did a very nice job as our server too!



275. Stood outside and waited with my friend for an hour as she was waiting to get picked up. Got denied access because ""I was outside waiting"", bouncers were super rude. Laughed at my friend and I, don't recommend coming here, music is good but bouncers are mid.



276. Only 21 allowed inside establishment which we did not know until we arrived to our reservation. Sat out on street covered area which was fine. Food choices were spins on basic pub food - found it to be fun, different and interesting. Food very good, and we had a great server.



277. Food was excellent. Service was very attentive and quick. Drinks were good amd prices seem reasonable. Atmosphere is expected from an Irish pub



278. Was in town for the the boat show. staying is hells kitchen. Ventured out to sample the are bars. Now I only had a few pints of beer so I cant speak for food. But beer was cold, and barkeep was very friendly. Menu looked good. The only real complaint that there was a DJ playing club music really loud, and tuff to have a conversation, not what a look for in an Irish Pub, however I will be back if I'm in the neighborhood.



279. We are a party of four, and ate here after not long arriving in NYC, we were very tired after a long flight, food was good, we all ordered different meals, arrived quickly and hot, good music, was loud in case anyone is noise sensitive. Server was very friendly and helpful.",0.023,0.772,0.205,0.9982,Very Positive
"Second visit again after busy day, while waiting to be seated a server dropped a small dish of tomato sauce on the floor which splashed up on me, she didn't seem to be bothered, more concerned about herself, I had to ask for some paper napkins, I assume either the manager or someone more senior rushed over,was very apologetic, could not have been more helpful, seated us and gave us a free round of drinks, it was only small amount, and I appreciated the gesture of drinks",0.026,0.865,0.109,0.8122,Very Positive
"Id and vaccination passport checked on arrival



280. We came here for dinner before a Broadway show. The DJ had great music going through whole time - it's quite loud, which didn't bother us but I wanted to give a warning in case anyone in your group is sensitive to loud noises. My mom got the fish tacos and I got the Buffalo chicken Mac & cheese. Both were good! The portions were a little on the small side for the price, but all in all we had a good experience.
Burger & Lobster
AmericanSeafoodGluten Free Options
4.5
281. We arrived in NYC after a long days travelling from the UK and decided to come here. I booked online and navigated ourselves from our hotel to the restaurant on Bryant Park. We arrived 10 minutes late ( New York streets are much longer than we are used to back home ??) which was not a problem with the staff member who greeted us upon arrival. We were swiftly taken to our table (we found one closer which looked more comfortable which was not a problem moving to). Orders were again taken promptly and within 15-20 minutes our meals were at the table. We thoroughly enjoyed both the lobsters and burgers, definitely the best place we ate whilst in the city for 3 nights. If we visit again, we would definitely come back!



282. Best lobster in midtown Manhattan. nice place. high quality service. one of the best places to dine in the area. fair prices



283. Really really good food and, although pricey, was very good value for the quality and quantity of the food.",0.01,0.74,0.25,0.9977,Very Positive
"Wonderful lobster roll, lobster and burger (we were hungry!).",0.0,0.667,0.333,0.6114,Positive
They also served Cava which was much nicer than the standard Prosecco in most restaurants.,0.0,0.828,0.172,0.4404,Slightly Positive
Service was friendly and efficient.,0.0,0.333,0.667,0.7184,Positive
"Excellent overall and we will return on our next trip to New York.



284. Look hard ots upstairs! After the initial confusion, found the attractively decorated lounge. Layout and decor is actually beautiful. Known for their lobster rolls and high end burger, I tried the combo with both. Didn't upgrade to the truffle fries ($9) but it was tempting. Burger delish, lobster roll was wonderful. Be back again



285. We discovered this place in 2019 and decided to visit again while in NYC. It was near the theatre we going to so had an early dinner reservation. It was busy so reservations are a must. Our server Jhunry was very attentive. We ordered a bottle of wine and I had the lobster roll which came with a salad and fries. My husband had the steamed lobster that also came with salad, fries and a butter type aoli. His lobster was perfectly cooked. My lobster roll had big chunks of lobster not chopped or shredded lobster. Their house salad dressing on the salad was delicious. The lobster dinner was $38 and my lobster roll was $30. This a great price especially in NYC for this quality. I highly recommend trying this place.



286. Very nice place in Time Square for a good night with a well studied mix of Beef and Lobster. The lobster roll is a good choice (even if the lobster was a little bit too cooked). The wagyu burger was perfect. Price in line for the location.



287. enjoyed a wonderful lunch here right before our matinee next door. Our server, Adam, was super friendly and the atmosphere was quiet and upscale. The food was delish.",0.009,0.766,0.225,0.9975,Very Positive
My teen & I shared calamari and lobster bisque which was great. Then they had the wagyu burger and I had the lobster caesar was also was yummy!,0.0,0.683,0.317,0.8805,Very Positive
"don't miss the cheese cake mouse!



288. Came in January for Restaurant week, which I always enjoy. Loved the entryway with the live Lobster tanks. Food was delicious and the lobster roll extra tasty. Coconut shrimp were also at the top of the menu. I ordered off of the restaurant week menu to try both the Burger & Lobster roll, as pictured. Both were good and I left with zero leftovers.



289. Went in expecting not much, but a really enjoyable evening. Great venue, food was fine and staff friendly. Is there better, yes I'm sure there is, but for location of Times Square, this was fine. I would go back



290. This Restaurant is 5"" located in Cape Town",0.0,0.708,0.292,0.99,Very Positive
"Great decor , ambience ,detailed service by professional waiters",0.0,0.631,0.369,0.6249,Positive
Great appetisers in Happy hour between 1600 - 1730,0.0,0.435,0.565,0.8316,Very Positive
"2 for 1 specials as well as on cocktails ,first class",0.0,0.792,0.208,0.2732,Slightly Positive
"A knockout place to visit especially on weekends & nighttime ,enjoyed Buffalo spicy chicken wings ,also great Calamari fried in a light batter,with mayonnaise sauce was delicious,reasonably priced beers 2 for 1 from 1600 hrs",0.0,0.791,0.209,0.8126,Very Positive
"A must visit to all tourists ,located on Bree St. In the Historic part of town ,close to Hour st. & Bo kaap



291. We've visited other Burger & Lobster restaurants when we've been in London, so we knew we had to pay a visit to the one in New York whilst on holiday. We didn't have a reservation, and expected to wait a while, but we were seated in about 5mins. We had the lobster roll and the B&L combo, and the quality was the exact same high standard as we've had in London. Would absolutely recommend this place.



292. The Connecticut Lobster Roll was a generous portion of sweet lobster on a perfectly buttered and toasted bun. The shoestring fries were flawless.",0.009,0.811,0.18,0.9777,Very Positive
"The cocktail... alas.$16 Midnight in Midtown...I didn't taste the alcohol. Maybe the Boodles Gin just gave the rest of the cocktail a friendly wave, and moved on. Too much ice. A few sips and buh-bye cocktail.



293. We shared the combo burger and lobster and thought both were grand. The burger was huge and the meat was favorable. The lobster roll was good, but could have been somewhat larger (at least for our appetites). They did a nice job with the fries.



294. Service was good in the beginning, cocktails were very good.",0.0,0.78,0.22,0.9631,Very Positive
"We got the combo for two, the burger was very good as were the fries and salad.",0.0,0.834,0.166,0.4927,Slightly Positive
The lobster on the other hand....,0.0,1.0,0.0,0.0,Neutral
We got the Connect lobster roll and grilled lobster. The roll was dry and bland and the grilled lobster was terribly over cooked and tasted like char so badly even the garlic butter couldn't mask it.,0.165,0.777,0.059,-0.6697,Negative
Server did not check back on us and we had a show to catch so we ate it.,0.0,1.0,0.0,0.0,Neutral
"Won't be back.



295. My son and I had seen this restaurant on our way to the hotel so thought we would give it a try. We hadn't made a reservation so we gave it a try. The restaurant was packed, and a small queue (line) was in place, but we were offered a seat at the bar which we took and got served straight away.",0.0,0.962,0.038,0.3291,Slightly Positive
"We chose the lobster and burger (of course) and it was splendid, a great choice and reasonably priced too.",0.0,0.669,0.331,0.836,Very Positive
"Thanks for fitting us in, one definitely not to miss!



296. Our first night in New York and thank goodness I had booked as they were full and with people queuing at the entrance. The food was great, we got a dish for two that had a burger (fantastic) a small grilled lobster with lemon butter (ok), a lobster roll (very good) and fries. Overall the food was great and drinks were good. Service was ok. A little impersonal but they were very busy. I would still recommend.



297. Lovely pre theatre meal here with oysters for starters and burger for main cooked superbly and really tasty , will say you have to push the front door of this restaurant really hard a few people walked off when we were waiting as thought it was closed ! Shanise was our waitress and was friendly and attentive and welcoming



298. Ordered from the ""Restaurant Week"" menu. Great value - our table got a mix of lobster and mussels. The appetizers and desserts were very good. Great casual atmosphere. Spacious setting. Wait staff very attentive.



299. I was by myself and the waiter brought me an already opened 1lt Aqua Panna without even asking me if I wanted. Ordered Bruscheta as appetizers which had no cheese in it, Just tomatoes and the Lobster was ok, nothing special about it. Wouldnt come Back. For 70 dollars many better places in NYC



300. Loved the decor with lobster traps on the ceiling. Waiter was accommodating and the food was great. Ordered the burger and lobster for two. One of the best burgers I have had in a while and the lobster roll was fabulous. The additional 1lb of lobster we had boiled and it was a little over cooked but the claws were really good
Quality Bistro
FrenchAmericanSteakhouse
4.5
301. Probably the 1st time I ever ordered Dover Sole and did not finish it. Too dry and the sauce lacked any flavor. My wife ordered a steak medium rare and got one medium well. No bread service. No salt or pepper on the table and talk about the tables - they were so close I could taste the salad of the person next to me. If you ignore this review and go - stick with the rather good and very creamy mashed potatoes.



302. Gorgeous restaurant in great location. We sat outside in an adorable little spot with two booths that was warm and cozy and beautifully decorated. Our waiter was professional and funny and informative. Please get the butter and bread plate to start it was amazing how you get to see them prepare it in front of you. I suggest lamb chops lemon chicken and steak. My daughter is vegan and they had a special vegan entree. Also please get opera cake. It is gorgeous and incredibly tasty. I can't wait to go back to NYC and eat there again. A sensory experience for your eyes and your stomach. Bravo!!!



303. Went her for a business dinner that my colleague arranged. She had been here before and highly recommended the restaurant. Wow, she was right. Great food, wine and service. The spicy caesar salad was amazing. I had the branzino for an entree and it was really good. I can't wait to go back!



304. The butter service was superb, definitely can shared with about 4 people, but just for the two of us, it was a lot to finish. It's like a meal in itself! The steak, crab cake, brussels sprouts and goat cheese salad were very nice. The spicy bird cocktail served in their signature peacock porcelain cup was a nice touch. Overall, a great dining experience. Highly recommended!



305. The food is good here, but there are aspects that need improvement.",0.028,0.709,0.264,0.9996,Very Positive
1. Why does one always have to play table games? Do they really need to try to seat you closest to the station where the line of servers is standing there like players in front of a goal on a penalty kick?,0.066,0.817,0.116,0.3094,Slightly Positive
"4. The service is fair.



306. Very average food and service , and on the expensive side.",0.0,0.867,0.133,0.3182,Slightly Positive
"I guess that's why we were able to make a reservation a week before on a Saturday night.



307. Went before going to the Metropolitan, expecting the experience of a French Bistro... which it only bare the name. The food was very good, but the dining room is so large with tall ceiling that it is very noisy. Service was average for that kind of place, we had to ask for haricots that we had ordered and mistakingly replaced by Brussel sprouts. Asked for bread that never came. There are certainly cheaper place that we went to in our trip to NYC that we're as good as this one.



308. After my wife and I attended a Broadway play, we had dinner at Quality Bistro. Quality Bistro is a sophisticated upscale restaurant serving French and American cuisine. They have a full bar, extensive wine list and outdoor seating. We began with a delicious crab cake and a salad of goat cheese, asparagus and pea pods. Both were very good. Entrees were the scallops and the branzino. We shared a side dish of corn creme brulee, The scallops were seared perfectly and the branzino light and flaky. Delicious desserts of chocolate mousse and the pistachio creme brulee. Quality Bistro is an elegant and delicious dining experience.



309. My wife and i went for dinner befoe a show and we loved everyhing about Quality - beautiful french decor, fantastics service and excellent food. We indulged with ""butter service"" - probably better for more than 2 people - but its was awesome. Steak frites was very good - large steak; and the halibut was excellent.



310. Overall, we had a pleasant experience. The food was amazing, and the French menu had a nice variety of options. The steak was a bit chewy, but the rest of the food was great. The service was fast, but not necessarily the friendliest. Quality Bistro is definitely not the cheapest place, but the quality of the food and atmosphere is certainly there.



311. Without a doubt, sit in the bar with the arched mirror and start with the el diablo cocktail. At our table we ordered the butter service, which was decadent. The tuna tartar starter is delicious. You can't go wrong with the Chateaubriand flambee. If you're looking for a side dish and dessert in one, definitely get the corn creme brulee.",0.014,0.722,0.264,0.9991,Very Positive
"The manager said to us ""large private party in the back slowed down the kitchen and you should have ordered your steaks rare! Cooking a Chateubrian medium adds 15 minutes"". Oh please.



316. Yes to the butter service and any steak on menu. Also say yes to corn creme brulee. It was all delicious. Also great were the marinated leeks and ham as part of butter service. In nicer part of town....great location and pretty restaurant.



317. I've eaten at Quality Meats, so I knew we would be getting a good meal here! The food was so good, service was spot on. The ambiance and decor are ""post worthy"". I loved the look and feel of this place! Highly recommend!



318. We had a very good meal and experience! Great ambiance, good food and drinks , warm service. It made for a nice evening out. The Dover sole was on the dry side otherwise everything else was well prepared. We will return.



319. Great evening, drinks, food, and service were all great! Close enough to the theater district to walk. The butter service is must to start your dining experience here. Enjoy!



320. If you want somewhere to go to celebrate a special accession this is a nice place to go to We had the sample menu and sample wine it was lovely
La Masseria
ItalianPizzaApulian
4.5
321. The bread did not taste fresh. It was served with lentils and olive oil. The lentils had a good flavor. The calamari were tender and tasted good with just lemon. However, they came with a bland marinara. Finally, I ordered pasta with Italian sausage and broccolini. It was disgusting. There was so much broccolini and leaves that the sauce had turned into a bitter green slurry. Everything was covered in green slime. The pasta, the sausage, the garlic, etc. I should have sent it back but I was too tired and didn't feel like arguing. The lady next to me sent her dish back twice. Not kidding. I would never eat here again.



322. Great italian spot in midtown. Ambiance is nice, service is excellent. Food is always good. Wine list is a little expensive, but still good choices.



323. The restaurant is beautiful and the food can be good but some of the staff are incredibly poor bordering on absolutely hopeless. Especially some staff that has actually been there for a while. Extremely disappointing experience after having visited before.



324. Very good but not really outstanding Italian food in a nice atmosphere with good service. Price is high for what you get. The biggest plus is they are open after Broadway shows finish.



325. It pains me to have to give one of my favorite restaurants a 1 star rating. Whenever I am in NYC, this is one of my fav places! However, this visit, not so much. We had to ask for bread, drinks to be refilled. I asked for butter for the bread and it came out after them meal. Literally I would see my drink at the bar and wait and wait and wait for it to be delivered. I would like to say this was due to a lack of employees but this was not the case. The employees were more interested in standing around talking than working. The saving grace was the food was excellent! The tip we left need to go to the chef and kitchen staff. So disappointing!



326. Went on recommendation from a friend. Food was excellent. Service was unacceptable especially for caliber of restaurant. Server was more interested in table of women behind us. We had to ask several times for drinks, bread( as every table around us was getting bread and drinks). Waiters and manager having loud personal conversation behind us while we tried to eat. Food is only reason would give 3 stars.



327. The food is fantastic .. octopus and rr meatballs were super .. steak and spaghetti too .. what sets it apart is its manager ... we had issues with amateur waiters at the restaurant and pointed it out to the manager - he swung out experience 360 degrees .. hospitality industry needs more characters like these .. hands on and completely fantastic .. Manuel take a bow !



328. We loved La Masseria so much we went back two evenings later! Delicious, beautiful, fine dining with excellent service - I don't know what else to say except definitely make a reservation at this lovely restaurant in the theater district of NYC. Over the two dinners, our group sampled two appetizers (including the burrata special - extraordinary!), the artichoke and Parmesan salad, penne with bacon and radicchio, the salmon (so good we ordered it to share the second evening), and the chocolate tart. We loved each thing we tried and the whole experience! Absolutely wonderful!



329. Very confused on why they have so many great reviews. Food is not good at all. Easily one of the worst italian restaurants I have ever visited. Please people try other places. It was just not good at all. Awful honestly.



330. One of the best Italian restaurants in New York in our opinion. The limone scaloppine was great, as was the orecchiette, and spaghetti bolognese.



331. We have been coming here since it opened. Not as often since moving Downtown.",0.061,0.713,0.226,0.9995,Very Positive
The Greeting and the Table we like was there for us.,0.0,0.638,0.362,0.6249,Positive
The Staff many the same and the food just as delicious.,0.0,0.73,0.27,0.5719,Positive
Just a good as always.,0.0,0.508,0.492,0.4404,Slightly Positive
"Consistency of Wonderful people is a key to their success.



332. We had a great time coming here before a show with my family and mother. It's a nice atmosphere with a great location near the Broadway shows and the service was very good. Food is just OK. Kind of what you would expect from a standard Italian restaurant nothing special.



333. Called in here at the start of a family trip to NYC, needed a good Italian restaurant nearby to visit. This place is great and very authentic, the food is really well presented and the staff extremely friendly and professional. We mostly had pasta dishes but everything else that we saw delivered to other tables looked superb.",0.013,0.758,0.229,0.975,Very Positive
"I would definitely recommend, gave 4 stars instead of 5 ads only thing was tables are a little too tightly packed.



334. Once again, the food, ambiance, service, location all outstanding. Linguini vongole, chicken Paillard possible the best in NYC. Always excellent value seating outdoors and indoors!



335. We had a very good dinner at La Masseria. I enjoyed their crab and asparagus risotto, although it surprisingly needed salt. My wife loved the Ravioli Angelina. Overall, a very good experience.



336. I get busy restaurants have to be efficient, but there was 1/4 of the tables empty. I ordered the steamed spinach, it came out in 1 minute. I get that, quick steam and all - take your time between ordering courses. I waited 10 minutes and ordered the chicken part...now, if you know Italian, no Italian serves mashed potatoes with chicken parmigiana. It is always pasta, but the owner explained 'to keep it simple they serve the same sides with all entrees.' But I said it's not Italian. No reply except shrugged shoulders. It arrives about 2 minutes after I ordered it so sure it was pre cooked and heated. chewy later of mozzarella on top. $100 later PASS.



337. I rarely give a 5 - as you can see from my reviews but this spot deserves all 5 of them - from the hosts to servers - to bus boys to kitchen workers - your hard work is showing - big call out to Joel - he made us feel great and we were well taken care of - his presentations of specials and menu made our heart sing!!!



338. Decent place with very hood service.",0.033,0.809,0.158,0.9856,Very Positive
I would rate it with an average 4.56 out of 5 based on the following criteria:,0.0,1.0,0.0,0.0,Neutral
* Location - 4.6,0.0,1.0,0.0,0.0,Neutral
* Food - 4.8,0.0,1.0,0.0,0.0,Neutral
* Service - 4.9,0.0,1.0,0.0,0.0,Neutral
* Aspect - 4.3,0.0,1.0,0.0,0.0,Neutral
"* Price - 4.2



339. There were 6 of us Saturday night and it was as always exceptional. The servers are friendly and knowledgeable. They read the table well as we like to take our time and savour our wine so they left a nice break between courses. The Burrata is a must as is any pasta. No matter what we have ordered we have been happy. Worth the money.



340. We had a simply wonderful meal here, starting with the shared special fettuccini and portobello mushrooms in a savory sauce that was delicious. Then we shared the ""Bocconcini di Pollo Paesano"" which was chunks of chicken with Italian sausage, mushrooms and peppers in a white wine sauce that was absolutely scrumptious. We finished with vanilla flavored ricotta cheese cake, which was the best cheese cake we've ever eaten. The service was great, with many helpful suggestions. I cannot recommend highly enough
An'nam
JapaneseSushiAsian
4.5
341. We went for a casual family dinner. The service was decent and the food came out very quickly. Chicken and broccoli was satisfactory. However, the seafood noodle soup/ramen broth did not taste authentic. All and all, the staff were nice and the food portions were huge. Price range was $$



342. Good food at reasonable prices for New York! Excellent number of choices and service was good. Will definitely go back



343. The pho was old and tasteless. So disappointed. The shaved meat in the pho tasted old and off. Overall very unhappy, too bad. I was looking forward to some good pho but this was anything but.



344. An'nam is an excellent choice for Japanese/ Vietnamese food right in the theater district. Reasonable prices, very good food, variety of choices, efficient service, and congenial atmosphere.



345. Right in the theatre district. Large. Lovely restrooms. Good service. Food prices have not risen. Mediocre Chinese. Some Japanese.



346. I had the woo woo drink which was very sweet but really good, and I also had the BBQ pork buns, which could've used more BBQ pork, but the flavor was good. The monkey roll offered a combo I've never had before with the mango, but it worked. Then I got sick. I'm not sure what it was that made me sick, but I won't be returning.



347. We enjoyed dinner here a few years ago, so we came back. It was as good as ever. I had the grilled pork chops with rice. Excellent. A nice pile of 5 or 6 chops, perfectly grilled and deliciously seasoned. We'll be back.



348. I was visiting An`nam because it got good reviews on Tripadvisor and it was a great place. Prices are compared to other New York asian restaurants great. I had the Bento with Tempura and it was very good. Nice wines on glass also a nice feature. All in all a good experience.



349. Delicious food. Easy to make the reservation. I did tell them it was my daughter's birthday but they didn't do anything special.



350. Very good Asian food at a lower price point than other restaurants in the theatre district.They offer some Vietnamese dishes that are not listed on the menu.



351. Geat place. Great dumplings, bans and sushi. Great hospitality and service and the not yery expensive Will come again next time.



352. An'nam is a perfect place to enjoy a fine Japanese meal either pre or post theater. It is steps from Broadway and many of its iconic theaters. There is a great selection of dishes at good prices.



353. We were so pleased with this place! We came here on the fourth and we're quickly seated and given excellent service. The sushi was quick and delicious and if we'd had more time we would've come back for more!",0.034,0.686,0.281,0.9996,Very Positive
"Our mains were also excellent. I had the pad Thai and there's chili sauces at the table to increase the heat. My husband had the Szechuan fish and said it was one of the best things he's ever eaten.



354. We arrived and the restaurant was full but people were leaving so we waited for a table. It was definitely worth the wait. The food was fresh and tasty and the waiters were really understanding and helpful when it came to gluten free menu suggestions. They even have gluten free soy sauce which they brought to the table separately and also cooked the food in. The udon noodle soup was great with the vegan broth and everyone enjoyed their food. Would definitely return.



355. Went according to Sushi's recommendation of TripAdvisor. It was so bad!!! I couldn't finish the first bite, so me and my wife ask for check and got bill in amount of 62$ for 2 sushi roll, small salad and 2 soft drinks.



356. An excellent pre-theatre choice -- now that we have theatre again. We ate there last night prior to ""Six"", and both the restaurant and the show are highly recommended.",0.027,0.756,0.218,0.9925,Very Positive
"The menu is a bit overextended, with Vietnamese, Japanese, Chinese, and Thai offerings -- but the advantage of that is you can order whatever nationality you happen to be in the mood for ... or, mix and match. The pad thai was excellent, as was the shrimp curry, and they have a nice liquor selection, including saki -- the good kind, served chilled. Service was prompt and courteous. No complaints at all.



357. We had three generations eat dinner here last night and everyone enjoyed their meal greatly. The portions are huge for New York. The value for the price is exceptional. I greatly enjoyed my shrimp with lemon grass. It had the perfect amount of heat. My daughter love the dragon rolls in the pho. She was able to pick her broth and the meat. She chose chicken. My mother-in-law had the chicken teriyaki and loved it. The service was friendly.



358. Good selection of Vietnamese, Thai and Japanese dishes. Service is courteous and patient. Perfect before theater.



359. The place was very small but I guess that's the typical NYC settings. The sushi was amazing and the fried rice was so good even my 18 month old twins ate it. The staff was friendly and the menu has a variety of sushi and other dishes to pick from. You won't have a problem finding something you like



360. Love this place! Was here twice in 2016. Has not changed--still amazing. A group of 4 of us was seated immediately on Friday night. Loved the lychee martinis! loved the fresh oysters! The sushi as great. The create your own meals were excellent! You pick a meat, 1-4 vegetables, and a sauce (basil, red curry, etc.). I had shrimp in basil sauce with red peppers, yellow squash, eggplant and onion. The waitress was always handy.
Lillie's Victorian Establishment
AmericanBarPub
4.5
361. I went with friends for lunch. The service was inadequate. We had to repeatedly ask for ketchup and waited quite awhile for the water glasses to be refilled. I had the French onion soup and it was topped with gobs of cheese and very unappetizing. I also found a whole bay leaf in the soup which should have been removed by the chef during the cooking process. The danger from ingesting bay leaves is that you could choke or get one stuck somewhere in your digestive system. The music was very loud and it was difficult to talk. I won't be returning. There are better restaurants in the area.



362. Myself and my family members visited this restaurant for a birthday celebration & it was great! Devin was a wonderful server and the decor is very fun. The tea for two was delicious & I highly recommend the skate sandwich! I would absolutely return on my next NYC trip.



363. Beautiful restaurant at Christmas time. IT was crowded but great service. Food was fine,drinks fun and atmosphere amazing



364. Excellent spot for good food, great music, and attentive staff. Beautiful decor, big & spacious. Expect to spend a few bucks , but it's worth it.



365. Don't good for the food or the service. Service was slow and waitress never checked in on us and we had to re-ask for items that were ordered. Eggs Benedict and pancakes were cold and average at best. Pretty flowers on the walls and ceiling so that is what you are paying for.



366. We found this gem while looking for an after theatre dinner spot reasonably close to our show. 5:00 pm reservation for our party of 5 booked online. Pretty spring day and the inside of this restaurant decorated warmly with flowers from the ceiling and walls. Food great, filet tender. Lively vibe. Nice crowd. Great caring service, especially the charming Devin.



367. Absolute stunner of a restaurant. It's beautiful and so fun, exactly what I hoped for. BUT, the food was incredibly mediocre. I had the fish and chips. Very little fish, not great batter, soggy more than crispy, and fries that were SO salty I had to wipe every one in order to eat them. I would have left them, but I would have starved.",0.033,0.657,0.31,0.9998,Very Positive
"My husband was excited to have chicken pot pie. It was so attractive with a giant puff pastry on top. But, like my meal, disappointed...not a lot of chicken and was soupy.",0.0,0.749,0.251,0.7731,Very Positive
"I hope this restaurant will remain because of its beauty. I hope they get a better menu so I will return. Sad.



368. Loved our ladies' lunch among the cherry blossoms before a matinee earlier this week! Pleasant attentive service, good food (esp shepherds pie), outstanding atmosphere! Nice jazzy music too, not too loud.



369. A piece of awesome in nyc. Went for brunch to meet some friend with the fam which includes 2 teens. The food was great. Really. The brunch was so nice. The drinks were so pretty and tasted so good. Recommend the lilies are lively I think it's called. The place was decorated like a Macy's window during the spring flower show. The staff was not only nice but super accommodating. My Rez changed 2 x from the time to size of group. And although they didn't promise anything Jessica made it happen. Our waiter Carlos was awesome. Super attentive! We were there so long he took a lunch break and then Pill was our server who was also superb. Would do this place again every time I'm in the city. Rez are a must!



370. We really enjoyed our dinner here before our show. Easy to make reservations and no wait when we arrived for our 5pm reservation. Appetizers were tasty (fried calamari & truffle arancini). The 5 of us each tried a different entree. I had the sirloin - the black garlic was good, the steak needed some more seasoning, but a sprinkle of salt helped. We all agreed that a bread basket would have been nice. Decor was beautiful! Really cute place!



371. Lillies Victorian Establishment was a great find for us. We stopped in every day of our trip - 4 days in a row. We had happy hour here every day as well as dinner and a snack a few times. Everything we ordered from the menu was delicious. The drinks were reasonably prised and very good. Fun atmosphere with happy people. The music was pop fun themed music, soometime3s a bit of a 'girls playlist' but it is a foo foo kinda place, which was very pleasant. Dim romantic lighting, great decor, and seating was perfect. The staff and especially the Maitre'D were awesome and found us a place to sit even when we stopped in without a reservation. Highky recomned. Definately try the ceviche.



372. Popped in here on a busy Saturday and got the last seat at the bar. I don't drink alcohol so tried the (absolutely delcious!) Tyler the Creator mocktail. So fun to be able to get a great drink without alcohol. I also tried the chicken pot pie - super! - and my sister enjoyed several of their alcoholic offerings. Fun spot, entertaining decor, great drinks!



373. Went here today and got the Caesar Salad and the Mussels both of which were excellent! Also had the Purple Prince Cocktail which was good as well.



374. The venue is fabulous, very interesting with so much Victorian memorabilia to look at. The staff were very friendly and efficient. He meals on the other hand were very disappointing.Chicken pie filling was mainly tinned peas and undercooked carrots in a runny sauce with a few tiny pieces of chicken. The chicken thighs were tasty but veg and potatoes cold and undercooked.",0.018,0.657,0.325,0.9997,Very Positive
"As we complained about the meals, staff took 50% off the bill but they weren't really worth the 50% we paid. Such a shame the chef let the place down.



375. Found this place on our last day in January 2020 and vowed we would visit on our next trip. We went in on Saturday night but way to busy and no free tables so left. Returned on Sunday and it did not disappoint. The Christmas decorations were still up and looked amazing. We only had drinks. The bartended was really friendly even though he was new to this particular bar. Will definitely visit again next time in NYC



376. We came as the restaurant opened on a Sunday morning. The place is decked out in tons of Christmas decorations. It is awesome. We all ordered off the brunch menu. I had the chicken and waffles with fruit on the side. The waffles were nice and crispy and the chicken was good too. My wife and daughter both had shakshuka. They both liked it a lot but thought the eggs were slightly over cooked. They both had coffee as well and enjoyed it. My other daughter had French toast with bourbon syrup and she said it was very good. All in all, everyone enjoyed the trip. The only complaint is the music. They should have been playing Christmas music not 90s music (I like both but it didn't go with the atmosphere)



377. Visited over thanksgiving weekend. Attended the bar on Friday night on way back to hotel ordered 2 beers and 1 disaronno and coke, was given a bill for $35 which I paid on my bank card. On Sunday I checked my bank account and realised that another $42 had been taken straight after the $35. I immediately returned Sunday afternoon and spoke to a manager named Leo. He admitted the charge of $42 should of never been taken and been a mix up and money would be returned to my account. After 2 weeks still nothing. I have sent 2 emails asking for money to be returned which had been stolen but no reply.



378. I can count on one hand the number of establishments I have walked out of. We were staying uptown and having visited the location near Union Square, previously, we decided to try this one for an early dinner. We walked in and it was crowded but the hostess indicated she could fir us in if were out in about an hour and a half. We said that would be no problem as we wanted only a light dinner. We were seated at a high top and had to download the menu, which I determined was very different than the online menu and the Union Square menu. It was very limited. We were debating what to eat and waited about 15 minutes with no attention fro any waiter, etc. We decided to leave for these factors, plus the uptown location was nowhere as nicely decorated for the holiday like the Union Sq location. It is basically a bar hangout that serves some odd food dishes. We were very disappointed considering how beautiful the Union Square location is especially with the holiday decor. .We advised the helpful hostess that we decided to not stay.



379. We visited the bar on a Monday afternoon and were in awe of the Christmas decorations here. Cool old Victorian restaurant and the Christmas lights made it even prettier. A must-see for anyone visiting NYC at Christmas-time.",0.067,0.782,0.15,0.9958,Very Positive
"Note: this place got very busy during our visit, so it's highly recommended to make a table reservation or go as early as possible for the bar seating!



380. We visited for Sunday brunch and it was a huge disappointment. The service was horrible. We had a reservation but it took over twenty minutes to even be waited on. When we finally got our food 45 minutes later one person in our party did not get their food. The ones that ordered French toast And waffles were never given any syrup. Syrup was requested about five times and never did receive any. In fact someone in our group went to the kitchen to get it themselves. The one in the party just canceled his order because everyone else was finished and he still hadn't gotten his food. The ones that had waffles didn't eat them because they were cold by the time we went and got the syrup. We complained to waitress even though it was not her fault and she was yelled at by the manager. They ended up comping our meal but it was truly a disaster
The Perfect Pint
AmericanIrishBar
4.5
381. A good Irish style pub serving a variety of beers and liquors, along with tasty food. There also is rooftop seating for those wanting an outdoor meal. Service was friendly and prompt.



382. Great food, accompanied by their own light ale. Excellent service and the place was spotless. I loved the friendly staff.



383. We went here hoping for a casual dinner. There weren't any tables on the ground floor so my husband walked up the long and steep stairs to the roof while I waited at the bottom with my elderly parents since we didn't want to make them walk all the way up if there weren't any tables. The man greeting people told my husband when he asked for a table of four that he didn't believe him. He then explained he was just ahead and everyone else could come up and the man said he still didn't believe him. Really all he had to say was there was a table available and when everyone was here he'd seat us. I then got to the top first and he came rushing up to say is that it? You can have a table for two. I was completely shocked at the way this man was talking to my husband. My husband then said my parents were just walking up a bit slower and he started arguing with my husband. Honestly I've never known anyone to speak to customers like this in my life. Our jaws just dropped open. After that we just felt we couldn't stay and turned round and walked back down (after my 70 year old parents had just walked all the way up) and got a sarcastic 'see ya' from this server. Seriously shocking! I hope one day he's on the receiving end of the service he gave my parents tonight.



384. This pub was next door to our hotel and we used it several times fir drinks at the end of the day and dined their twice. Staff were lovely especially as I had to go to the bar to enter my pin each time I paid by credit card. It's was great that our preference of drinks was remembered. Food was very good.



385. This place was near our hotel so we decided to have dinner here after a long travel day. Once inside it was very loud both from music and customers. It took a while to be waited on and given a menu and order wine. I ordered the fish tacos which said they were like the fish and chips. My husband got the turkey and brie sandwich with fries. My husband liked his sandwich, but said it was nothing special. My fish tacos however were terrible. The presentation was lovely, but once I bit into the fish I realized the batter was coming off the fish and the fish was tough, We were so tired and hungry that I did not complain, just ate what I could. It did get a little quieter as it got later past the happy hour and into dinner time. There are a lot of better pubs in NYC.



386. The food here is amazing; we went back a few times to eat. Staff were so friendly and work really hard, you can see how busy it was at times but never left waiting for anything. Really great service.



387. My wife and I were looking for a dinner stop in the Times Square area, and we came across this pub/bar/restaurant. We got quite lucky to find it, as the place was really quite good, reasonably priced, and had large portions. My wife had Greek salad with shrimp, which provided a generous amount of good-sized, well-seasoned shrimp. I had the chicken curry which was nicely flavored. We had a brussels sprouts appetizer which was above average. All in all, a nice, local find.



388. We were staying at the Club Wyndham right next door and we had just arrived from Florida. There was a very friendly Irishman at the front door who sent us upstairs to the rooftop bar since the lower level was full. We were seated immediately. It's an open air space, and I was surprised that smoking was allowed. And there were three chain smokers at the railing on the street that kept the whole floor filled with smoke - ugh! However, we both had beers - I had the Irish red draft and it was just what the doctor ordered. We both had the fish and chips and they were very good as well. Overall, not a bad experience, except for the smoking, but maybe that's a NYC thing.



389. We went here for a later dinner on an early summer evening. We ended up at the roof bar, which was an excellent venue, and a great option. The beer selection was decent, and their private-label beer good as well. The staff was awesome throughout our visit; friendly, efficient, and patient!! Teh food turned out to be good; I ordered the fish and chips, which didn't look all that remarkable when brought out...but, it was great, and tasted fantastic! The food came out relatively quickly. All in all, a pretty good dining spot.



390. Manager Ernesto had the worst attitude ever, my mother got a food that she didn't like and he said that he cant switch the plate, at the end my mother didn't ate her food and we had to take it to the hotel. Im Not a complainer at all but if somebody deserves it I will



391. Found the young Irish bar man helpful and attentive however our visit was ruined by a taller bar man. He had an unkempt beard, curly hair and glasses, came across as extremely rude, abrupt and lacking severely in people skills. Very surprised this man works in hospitality, will NOT be visiting again thanks to him and absolutely would NOT recommend.



392. We had dinner here and were pleased with the quality and flavor of the food. Prices good (for NYC). Bartenders (servers) were helpful and pleasant. Would return. A sports bar.



393. Small low-key pub (go next door to Connolly's for a larger crowd and excitement/noise) near Times Square. Good place for a business traveler to sit and do some work (or not) while tossing back a few pints. Extensive beer and liquor options, as well as food. All were excellent. Staff friendly and service was quick.



394. Don't worry if the weather turns inclement. They'll get the roof over your head much more quickly than they can do at Wimbledon.",0.051,0.763,0.186,0.9997,Very Positive
"Good food at reasonable prices (for NYC) and a very good selection of beers. Very attentive staff too. I'd recommend this place for lunch or drinks any time.



395. We drank/ ate in the perfect pint twice in our 5 nights visit!",0.0,0.745,0.255,0.906,Very Positive
"The food was lovely (the lettuce wraps were gorgeous) and the pints were what they were pints! The rooftop part of the perfect pint is amazing, great atmosphere and screens for the sports but the best part was ... our server Aaron who went above and beyond for us and was nothing but a breathe of fresh air! Would 100% recommend and hopefully Aaron is your server



396. My partner and I ate here on our first night in New York, and after being slightly jet lagged, it was a great place to come. We sat on the rooftop bar above Times Square and we're impressed by the food and drink, not just by how tasty it was, but also how cheap it was, a salad was $14 and fish and chips was $17ish with the drinks being around $8 here. Great place if you want a quick pint and food!



397. Good for quick bar food. Loud atmosphere with music and chatter - but the service was stellar and the food was pretty good typical bar food with some nice vegan options.



398. One of the best pubs in the area! Food I'd great and atmosphere is nice. Prices are reasonable. Would eat here again...highly recommend.



399. Met up with family here earlier this month. What a place, noisy but good. The food was excellent especially the chicken curry which was amazing. Quick tip. If you can book ahead, as it gets crowded



400. We went in for a few drinks and had a lovely time, great beer and very friendly and attentive staff but the showstopper really is the rooftop, it's completely covered so fine in all-weather but so bright and open and trendy and just a lovely atmosphere.",0.012,0.666,0.322,0.9991,Very Positive
"Very reasonable price compared to other places, a bucket of 6 beers for $25.",0.0,1.0,0.0,0.0,Neutral
"We're here for a few more days so will absolutely be back.
Margon
CaribbeanLatinCuban
4.5
401. Advertised breakfast. Stopped serving it early all week, also did not have the items advertised. No potatoes avail given a sandwich bun for bread.",0.102,0.898,0.0,-0.4767,Slightly Negative
"Staff was friendly, and obviously they're there for the Cubans. Never got a chance all week to try them since they only serve through late lunch.



402. We stayed two blocks down on 44th and found this place on Youtube (Here Be Barr's guide to NY).",0.075,0.86,0.066,0.1431,Slightly Positive
"So friendly every morning, and it was our starting point for the day. The Coffee is just what you need to get started, and better than anything in the main chain outlets in Times Square. Centrally placed, and really popular. lucky to find this, and thanks for making us feel so welcome every day!



403. We were out in around Midtown and ran into the crowds at Rockefeller center. Looking for a place to get away from the crowds, we decided to try Margon. It may not be fancy, but que delicioso!! The plantains were wonderful, the Cuban Sandwich was flavorful and moist. It would be a regular spot if I lived in the city



404. A nice place to grab something quick, easy, and affordable that's filling! The atmosphere is super casual, kind of like a diner and the service is friendly.



405. This hidden Cuban cuisine eatery offers a variety of dishes. It has a bit of a diner feel. My order (Palomilla Steak with Yellow Rice and Black Beans as well as a Tropical Mango Shake) was served very quickly.",0.0,0.782,0.218,0.9921,Very Positive
"The Palomilla Steak was tender as well as firm to the bite, a little too greasy.",0.0,0.87,0.13,0.2732,Slightly Positive
The rice and black beans were solid. The Tropical Shake was very consistent and flavorful.,0.104,0.798,0.098,-0.0258,Neutral
"I was pretty full afterwards and spent just over $20. Great value for the money!



406. It doesn't look like much but my $7.00 breakfast with bacon, eggs, potatoes and Cuban coffee was fantastic! Glad I stopped in!



407. A hole-in-the-wall gem! The food was amazing! We had to sit outside because the place was packed with locals- always a good sign. The friendly staff even brought us our food. An absolute must visit!



408. Margin is a definite must go whenever I go to the Big Apple. Lunch time is filled with locals on lunch with their sleeves rolled up and grabbing a great affordable meal. The Cubano sandwich is fresh, pressed and delicious. The soups are hearty and wholesome. The people make you feel at home and what else do you need besides great food at great prices? Enjoy!



409. I get to NYC 2-3 times a year and ALWAYS make sure to visit Margon. The food is delish, and well priced, the atmosphere warm and friendly despite being very very busy. The folks who work there are so nice and in my experience always willing to be helpful when there's a question about a menu item or give a recommendation.",0.015,0.66,0.324,0.9979,Very Positive
"It is tiny so it isn't a place you'll be able to sit and linger but hey you're in NYC and have lots of places to go right? That said, you won't be hurried.",0.0,1.0,0.0,0.0,Neutral
"Very varied crowd from local business people and workers from Times Square to tourists. Small but clean single bathroom.



410. Went for the ""best Cubano in NYC."" I often eat at restaurants like this, like Tina's Cuban on W 55th. Went in for lunch at 3 pm, no greeting, no nothing, so I took a table at the rear. NO service, no nothing. I tried to flag a waiter but to no avail, then one of the guys at an adjoining table said you have to order at the counter (steam table). OK, some waiter guy said pay up front (sign said PAY HERE, NOT ORDER HERE!!!) and he 'll get me. I paid and ordered Cubano plus American coffee. He never got me. 15 min later I asked him where my lunch was and he apologized as he never put the order in. Gave me 3 pcs of cold fried chicken ""on the house."" Soon after my Cubano came with a CAFFE CON LECHE which this bellend said was American coffee. If this is NYC's best Cubano, I'm Superman. Greasy at best, Never goin back. They could learn from Tina's cuban or Sophie's cuban on 8th ave. Bye now



411. Stopped here with my family before a show. The food was amazing...we had the roast chicken, cubano sandwich, chicken sandwich, plantains, rice & beans. The beans were the best beans I ever had. Dinner for 3 of us was $40 and we could not even finish our plates. Local, comfortable, clean, hole in the wall. Highly recommend.



412. We ate there for breakfast and took out two lunches (even though there was sufficient seats). All were reasonably priced and delicious. The food seems authentic and delicious. The cooks and servers were helpful and friendly. It is well located near Times Square.



413. This was epic home cooked Cuban food. The cassava was outstanding and the goat was to die for. I had never been there so I asked the owner what to get and he walked me through it all and took care of me from start to finish. It was also pretty cheap for what you get. The decor isn't high end or upscale but you're not going for that. You're there for the food. Everyone comes during their lunch breaks so you know it's good



414. Cuba in the heart and in the mouth",0.053,0.746,0.2,0.9976,Very Positive
"Small restaurant a little overwhelming, with a super friendly staff and a delicious meal. The food is already prepared and is simply served to take away or to eat there.",0.0,0.649,0.351,0.9088,Very Positive
"Delicious tostones, white and yellow rice, pork roast, chicken, hot sauce. And all at low prices.",0.106,0.707,0.187,0.3818,Slightly Positive
"Enjoy Caribbean food!



415. We stopped in for sandwiches before seeing a Broadway show. Service was friendly though one sandwich was relatively slow to arrive. Food tasted good though the place is a bit of a mess at the moment with various bits of work ongoing and paint splashes on the tables.



416. Hike in the wall...Great food and friendly staff... order the Cuban sandwich which is delicious. had rice and beans too...super reasonable prices



417. Wow!!! Food is absolutely amazing!! Very authentic!! It may be hard to find, but keep looking. My favorite Cuban place to eat in the city!! Hope you enjoy it as much as I do!!



418. Small Hole in the wall. Went there just after opening 10:30am. By 11 very busy. Food was quite tasty and authentic. Very much enjoyed the Cuban sandwich!



419. Wow! Everything about this place was incredible. It's a dive...let's get that out of the way. But in the best possible way...no tourist trap here. It is full-on authentic Cuban food, which my wife and I love, served with love. The staff is great! We had the Cuban sandwich and the pepper steak along with the rice and beans side and some fried plaintains. It was under $25 for all of that and one of the best meals we had during our 4 day stay. Go here!



420. After visiting Rockefeller Center we were looking for a quick and unique lunch spot and Margon was a great option. The service was very friendly and our Cubano sandwiches came out quickly. The food tasted great and it was very reasonably priced. It felt like an authentic neighborhood restaurant and not a tourist trap. It was a great meal and certainly somewhere I would recommend.
Carve Unique Sandwiches
Quick BitesAmericanPizza
4.5
421. We look for good pizza all over Manhattan, and always walk into Carve for a slice when in the area. It's good, solid pizza. Never disappoints.



422. Amazing pizzas here either by the slice or full pizzas made to order. Delicious, quite thin with a lovely crispy base. Best pizza we've ever had. Would definitely recommend.",0.023,0.668,0.309,0.9993,Very Positive
"Also had sandwiches and salads made to order but we didn't try - always went for pizza because it was soooo good!



423. Ok so it's the only Philly cheese steak I've had but it was good.",0.0,0.754,0.246,0.8955,Very Positive
Busy cafe with quick and polite service. Attentive servers.,0.0,1.0,0.0,0.0,Neutral
Prices were actually good for where it is. Just off Times Square .,0.0,0.791,0.209,0.4404,Slightly Positive
"Pizza was delicious and sandwiches were fresh with quality bread.



424. My wife and I call in for refreshments while waiting for Hop On Hop Off bus and were pleased we did. We had, probably, the best piece of pizza we had every tasted, it was absolutely delicious.



425. Partner went in late evening prior to going back to hotel the staff were rude amd charged us double for 3 slices of pizza and a coffee even though they were recommended by the hotel... theu said its night prices... this was on 31st May ...do shop around so many good deals that taste lovely when it comes to pizza 



426. I had a delicious slice of cheese for $3.95. A great spot for a slice, but they also have sandwiches and salads too. There are only a couple of tables for dining, but if you're just getting a slice you won't need to sit down.



427. You know when you have had a wonderful evening with friends, enjoyed the music at ""Don't Tell Mamma"", had a few glasses and now you just need that slice of pizza to finish off the night. Look no further than to Carve near Times Square. Fresh out of the oven pizza for your taste desires.



428. It's a quick, reasonably-priced, delicious spot right in Times Square. The pizza sauce and crust are crispy and savory. Worth the price and speed. Cookies are also excellent.



429. A very pleasant spot to people watch with a friendly staff and a wide selection of comfort foods. Breakfast was quick and excellent.



430. The BLT is awesome! We used as breakfast facilities from the Hotel Edison and found it to be vey good so went a good few times. Pizzas a equally as good. If you're in search of food in the Times Square area, This is the one.



431. Handy place close to Times square doing a variety of pizza ?? Slices sandwiches cakes coffee and breakfast plates.



432. Stayed in NYC at the Edison Hotel for 4 nights & we found this great spot for breakfast & snacks. Lots of variety for a good price. Really enjoyed the pizza & treated ourselves to delicious cheesecake. The staff were friendly.



433. What an exciting find after our show. If looking for dessert and coffee, this may be the place. We were on the search for Napolean and spotted the glass counter from the street. Both very happy with what we had. Theu also lso had cannoli and black/white cookie. Two desserts and latte $20, reasonable. Plus seating inside. And if hungry. Also offered pizza. Sandwiches and salads.



434. Wanted a slice of pizza. Man behind counter directed us to pizza counter where we were totally ignored and despite being there before everyone else they were served and he just looked through us. If we were doing it the wrong way he could have explained to us what we needed to do. It is our first time in USA and we had literally just got off a flight so he was one of the first people we spoke to. If we could give him a score of minus we would. What a horrible little man. We ended up getting a hot dog off the hot dog man in times square. We will definitely NOT be going in carve any time soon or ever.



435. After watching SIX the musical nearby this was perfect evening food, amazing pizza slices and very quick cooking service, plenty of choices of tasty food



436. Fresh pizza and sandwiches- clean central and tasty. About $10 for a sandwich but to put it in perspective that's the same as subway in this area and the massive slices of pizza



437. The vegetarian pizza was good. Tasty and the crust was thin and crispy. Can't say much about the workers. All young with an attitude. Like your doing them a favor. I would go back for the food but not the service



438. We stayed at the ROW NYC, and did not choose the breakfast package. We chose to have breakfast at Carve every day-the new remodeled location is directly across from the ROW NYC, and has many great options for breakfast. They prepare sample plates and wrap them in saran wrap for you to view before you decide what you want. One day, I saw a bacon, egg & cheese sandwich on french toast-I asked if I could have it on a bagel instead-the gentleman behind the counter said ""why not?"" and that was my breakfast every day. My husband had an omelette with toast every day-he loved it. They had a great selection of cut up fresh fruit, as well as bananas and oranges, and coffee and other beverages. They have several other options to choose from, but we only ate breakfast there. The other location down the street is good, but this place has more room. Highly recommend it!!



439. we could have breakfast here as part of the deal staying at the Edison hotel ,far nicer breakfast everything freshly made .it is only a small place but very well run has limited seating inside and a few tables outside .",0.024,0.782,0.194,0.9995,Very Positive
"w/a lemon drop drink, which was mixed perfectly. Our group of 4 shared main entrees. We had Chicken Scarpariello, Chicken Scallopine w/lemon butter and Garlic and Oil angel hair pasta. The portions were incredible, there were leftovers after 4 people dined. The flavor of the garlic & oil pasta was out of this world. Everything seasoned perfectly. Staff was great, super friendly. Service and food was so tasty, we ate here twice in 8 days. Absolutely recommend.



466. So sad. This place has been a NYC theater district staple forever. However, we just did not enjoy ourselves. We had a 5:30 reservation, but arrived early. The place was extremely busy and our table wasn't ready, so we sat at the bar to get some drinks. No big deal. Our bartender was awesome and the drinks were good. In hindsight I wish we would've just stayed at the bar. Our 5:30 table reservation wasn't ready until 5:50 and I can't believe how small our table was. For a ""family style"" menu the table didn't have enough room for our 2 drinks, bread and 2 dishes. The place was so loud and overwhelmingly crowded. Our waiter was very nice, so I guess that was a plus.



467. This was an embarrassment to my clients from Australia- I would not recommend - I will ensure this tour company does not use this place any longer. Had a reservation and waited over 50 min never again.



468. We've eaten almost exclusively at Italian restaurants on this visit to New York. On the last night of our trip we decided to try Carmine's at Times Square. The shrimp scampi (with linguine) was by far our favorite meal of the visit to New York! The meal was spettacolare (spectacular). Our waiter (Miguel) was the best!! Very helpful in menu selections. Attentive without hovering. Service was terrific. Reasonable wait time. Carmine's will certainly be first on our list of dining options on future trips to New York



469. Complete unorganised place without any management. Let you wait 20-40 min for a late booked 2 month ahead.



470. We went for dinner. A 45 minute wait but noticed they also had takeout. We did the takeout and received it quickly. Food was excellent. One order of lasagna was more than enough for the two of us.



471. They do not honor reservation. We had reservation and 30 mins later they kept saying few more minutes only no table. And another few more minutes and yet still no table. Hostess kept saying we were next and never were. Hour wait to no table, so we left and grabbed nasty sandwhich elsewhere or wouldnt make show in time. They had way too many people also waiting saying they make more reservations than they can honor. We had plans for broadway after which was ruined.



472. Took our grandson to NYC for the first time and had dinner here one night. Server Mark was excellent as was food and service. Portions are enormous; we had enough to take away for lunch the next day. Busy but fun place. just go hungry!



473. Really good plate of pasta to share, 2 adults and 1 teenagers on one plate of pasta. We fill up our stomachs and enjoyed the great historical restaurant



474. My friends and I dine at Carmine's quarterly for many years. The food and atmosphere are excellent. Please don't ever change. Thanks.



475. Had an amazing meal here. Portion sizes are huge and you share a main course - one each would be too big. Surroundings are great but the evening was made by our very attentive waitress who explained everything to us about portion sizes etc.



476. Ordinary pasta. Lousy eggplant parm. Good chicken scarpiello. Excellent dessert. Poor mixed drink. Excellent wine. Very noisy. Ok service. Very average restaurant.



477. Ok, the family-sized servings were a bit large (understatement) for 2, but the lasagne was the best we have had anywhere. For real! The atmosphere was authentic and quaint, and we would go back - maybe we'd try to invite a couple friends



478. It was my fourth time going and this time went for lunch with my daughter. Quite a selection of Italian dishes. The portions are large and shareable. I really enjoyed the Penne alla Vodka with Chicken. Didn't have room for dessert this time, but if I did, it would have been the Tiramisu. Certainly great value. Pleasant staff. Reservations are recommended if a larger number of people are going. Every time I visit NY, I must have a meal at Carmine's!



479. Great food, fun atmosphere. Be ready to eat a LOT of food. I recommend going with a group of people.



480. We had a fantastic birthday meal at Carmine's over the weekend. I made a reservation for 3:30 pm and was blown away at how busy they were at that hour. I guess I should have expected that given the location of Times Square. We started with a couple of drinks at the bar. The drinks were excellent however, the bartender could've been more friendly. Once seated, our waiter was a little cold as well. But the food made up for it 100%. We had the 42 ounce porterhouse steak, manicotti, and ravioli. The high price tag on the steak was well worth it and the pasta dishes were fantastic as well. Everything is served family style so we each got to enjoy a little bit of it all. Would highly recommend anyone make a reservation at any time of day for a meal here.
Da Marino Restaurant
ItalianPizzaVegetarian Friendly
4.5
481. There are no exact words to describe the ""experience"" of this restaurant, its beautiful, has fantastic food, the marinara sauce is sooo great, the best ever, the pasta dishes are great, the veal is outstanding, everything on the menu is great. They offer live music, mainly an Italian theme but lots of American songbook too. You never know who you will see there either. The place is decorated so pretty and interestingly, even the bathroom is a must see. I love when Marcie Castrol sings and plays piano, she makes it so special. Tom D'Angelo is a fabulous host and really makes you feel like family immediately, and he sings too! Then try the desserts the best tiramisu ever, any place.",0.055,0.711,0.234,0.9998,Very Positive
"I suggest to call for a reservation as they fill up quickly, once you go you get so addicted that you must always go there, basically it feels like a vacation to Italy, all in one night!



482. I just love the ambience is so nice. The GM was so friendly and sat us at table where Mr Big and Carrie from Sex and the City filmed a scene. It was cute. I had lasagne and hubby had shrimp scampi, so so good. Piano bar and the unique restrooms are an added touch. Just be prepared, the drinks are very expensive. Go and ENJOY !



483. Open late so went after the theater. It was fine, had a glass of house chianti which was good and mushroom ravioli which was very flavorful. Service was slow, probably 20-25 minutes until I received my wine, although once I place my meal order it arrived quickly and was hot. In hindsite I should have sat at the bar. My table was right by the waiter computer area and was hectic and this part of the restaurant was very warm.



484. Disappointing food, had the rigatoni buttera and it was far too sweet. Prices were not as stated on the menu a fact we were not informed of until the bill was given. As such I chose not to give a tip and was chastised like a child by the waiter who hadn't even served us for the evening that this was their livelihood. I explained if that was the case he should have told us about the price rises as this would all be considered bad service in anyone's book. The waiter preceded to be rude and ruined what was otherwise a lovely evening. Don't want to come across as completely bitter so will also point out the positives the music was nice and so was the water.



485. My husband surprised me with a trip to NYC for our 20th anniversary, as I had always wanted to see a Broadway show. One of the first things I did was reserve a place to eat early preshow. I chose this place not knowing much about NYC at all. The food was nothing all that different from most of our hole-in-the-wall Italian places in Texas, but the decor really makes up for that. I think we were too early for any entertainment, as we wanted to make the show on time, but it would have been nice. The only real downside is that I was surprised there was no AC. I don't know how much of the norm that is around there in the middle of the summer, but I did expect that this place would have cool air!



486. This is a fantastic restaurant! The atmosphere and food is always enjoyable and Suman and Tom were friendly and funny!! Thank you for helping my Mom and I celebrate our birthdays!



487. Unforgettable evening at Da Marino. Indulging in a delightful dinner with beloved friends at this charming restaurant. The exquisite food, great company, and cozy ambiance made this gathering truly special.



488. The ultimate New York experience! Do yourself a favour and get down to Da Marino for fabulous food, wine and fun. Marcie Castro is something else - brilliant pianist and vocalist - think Vonda Shepherd and Ally McBeal. Such a talent and a beautiful soul. Rare combo.



489. We found Da Marino just by walking around, and OMG!! I'm so glad we did!!! Our server/bartender Ana Carolina was AMAZING; she suggested the Vodka",0.028,0.748,0.223,0.9992,Very Positive
"Sauce for the Lobster Ravioli, and it was delicious!!! We loved it so much that we returned the next night and were happily surprised by the AMAZING Marcie Castro!! A very talented singer and piano player!!! They made us feel at home, and we are so glad we walked into that fantastic place and its staff!!! Please, if you visit NYC and like good food and good times, visit Da Marino!!!



490. Food was good; however staff rushed us and restaurant was crowded and loud. Not a pleasant atmosphere to dine. It was before showtime in the theater district so perhaps that was why we were rushed.



491. After our show on Broadway we happened by an Italian piano bar.. we spent some time drinking wine and beer and enjoying the atmosphere. Anna was our bartender and did an awesome job of not only taking care of us but also giving us local information on the area. We enjoyed our unexpected visit!



492. Great ambiance, fantastic food, reasonable prices. We popped in shortly before a play; service was prompt, professional, and very friendly. A great find!!



493. We stopped by for a late meal after the theater and were very happy with our tasty pasta, reasonable prices, and good service. We particularly enjoyed the singer/pianist Marcie. She really made our evening. I hope to come back soon



494. Went to celebrate my cousin's bday. Food, music, atmosphere... All fantastic! Tom, the manager, was so accommodating and welcoming. He even sang Happy Birthday to my cousin. Staff was attentive and friendly too. Can't say anything negative about this establishment. Definitely a must if you're in NYC. Great proximity to the theatres too.



495. This restaurant does my heart, my soul, and my pallet wonders.We try and go as often as possible, the food is so authentic , not like other American Italian restaurants, this is the real deal.Each visit here creates the feeling of dining in Italy.The decor, the music, the total ambience..No one does it better, Tom the manager is so welcoming, Marcie on the piano knows just what music to play.The food is so fantastic, the sauce is outstanding, my favorite is the chicken parm, however the veal and lamb dishes are to perfection.Desserts are incredible, especially the tiramisu..There is something about DA Marino you almost cannot put into the words, it's a feeling you get when dining there, and you don't want to leave..the staff goes far and above for your needs",0.014,0.692,0.294,0.9993,Very Positive
"We find it best to call directly to the restaurant for reservations. Try DA Marino, you won't be sorry and you will return often.



496. Atmosphere and employees were great! The food sucked. We sat down around 5:30 and ate payed and walked out by 6pm. Clams were tiny and overcooked, both our pasta dishes were obviously not fresh and were reheated and served. Broccoli was from a steam fresh bag. Sad because this place had potential. If you want reheated microwaved Italian this is it. Zero chance you cook ""fresh"" pastas, clams, broccoli in 4 minutes..........and it tasted that way..



497. We just keep going back because the food is sooo great, outstanding chicken parm, meatballs, the lamb is unique, I could go on and on, but sauce is the BEST..We also love the warm greetings and family feel, strangers talking to strangers and becoming friends No place else is like this.Tom D'Angelo really goes above board for everyone, the staff are all sooo friendly and fun.Marcie Castro on the piano truly gives the feel of being in Italy, her music is so special..To be honest I wish I could go every night.



498. The food was fantastic but the service and ambiance were perfection. We came to celebrate a birthday and the host/owner was so kind to us and he went out of his way to make us feel special. Our waiter was very on top of his game and was attentive even with a completely packed restaurant. We loved it so much that we went back for drinks again later in the evening. When we went back later in the night, they had a live pianist who was absolutely lovely. This is our new NYC spot anytime we come into town and I could not recommend it more!



499. Bottle of Red, Bottle of Whites...",0.034,0.727,0.239,0.9978,Very Positive
"While eating here, ""Scenes from an Italian Restaurant"" kept playing in my head, the place is Cozy, the Ambiance is "" Cheers"", as soon as you walk through the Door.",0.0,0.94,0.06,0.2023,Slightly Positive
"The Food was beyond AMAZING, my Compliments to the Chef!",0.0,0.541,0.459,0.7777,Very Positive
"Overall is was a Great time, atmosphere is Family oriented, the Staff was especially nice and accommodating.",0.0,0.661,0.339,0.8016,Very Positive
"I Highly recommend this place, if you are looking for a Great meal, at a Cozy friendly place, Da Marino NYC is a must.



500. This place is sooo hard to describe because it's sooo special.Always decorated beautifully, the food is exceptional, my husband literally dreams about the sauce. The chicken parm is the best anyplace, the lobster ravioli amazing, penne Ala vodka like wow, its hard to find good veal and Da Marino has the best. I could go on and on..In addition it's soo much fun to be here, the entertainment is great, lovecwhen Marcie Castro plays, Tom the manager sings too and makes everyone feel like family. It really gets busy so call the restaurant to book a reservation.I sometimes come to Da Marino, have dinner, see a show, and they hold a table for us to return for dessert.Even if we don't do a show, it feels like we went on a vacation to Italy for the night..I travel alot, dine out alit, but Da Marino is literally the BEST
Oceana Restaurant
SeafoodVegetarian FriendlyVegan Options
4.5
501. This is a lovely looking space, though very large. The service was excellent, but the food wasn't up to the hype. The calamari was great, but my Tempura Softshell Crab was barely edible, covered with a thick, tasteless batter. Not one of the six of us was impressed with the food. The place looks like it caters to business people on big expense accounts. It was definitely a tourist destination.



502. We didn't have a lot of time before theater tickets, and we ate a late lunch, so we weren't exactly starving. However, my lobster scampi and husband's grilled swordfish were perfection, the Sancerre chilled and delicious and we will be back hungry to try more of the wonderful menu items.



503. Meal and service were great. Recommend octopus and ceviche appetizers. Outstanding. We were not rushed it being quite busy. Would definitely return.



504. Large restaurant with a busy atmosphere. excellent service and good raw bar and other food choices. A bit noisy to have a conversation but overall nice



505. Excellent service and fantastic food. The restaurant is beautiful, light and airy with a really nice ambiance. Our waiter was really fantastic and everyone was really kind and friendly....



506. We didn't have a reservation but walked in and the hostess was very polite and seated us in the bar area immediately as there were no tables in the main restaurant. Our server was very kind and polite and everyone was gracious. The food was lovely and the servings were very reasonable. The prices were high for us Texans but reasonable for NYC. Would definitely recommend.



507. Sad to report this was a very disappointing visit...I had high expectations with the environment and menu options but left frustrated.",0.035,0.676,0.289,0.9994,Very Positive
"The food overall was just not good. The basic salad with lemon dressing was nothing special and probably would have been better with a balsamic dressing or something else to make it worth $20...the fries were not crispy, we got charged for 2 bottles of sparkling water although the water wasn't left at the table ($23), the pasta was warm at best and the wine was cool but not ""chilled"".",0.064,0.793,0.144,0.6083,Positive
"I was ready for a great meal and the only reason I mention prices is because it was super frustrating to get the bill and see what was charged when the quality and service weren't there.



508. Food and service were outstanding. My wife had the Swordfish, I had the Salmon entree. My wife had the tuna tartare for her appetizer;l had the seafood bisque soup. With two drinks a piece and coffee/tea at the end of the meal, the bill was $250. A bit pricey but welcome to NYC.



509. we dined here on new year's eve choosing some of the items on the a la carte menu. we had a good time, the waiter who assisted us was very nice and friendly. the atmosphere is cozy and the restaurant is practically in times square. recommend



510. Excellent seafood restaurant. Great service. Great dish presentation. My fish was just excellent and the right size. Good wine selection available. Requires reservation



511. Empty tables everywhere 8pm and they tell us there's no room except the bar. Perhaps they just discriminate against Bostonians or perhaps they didn't think we would rack up a big enough bill because we were wearing jeans. Big mistake. Will never go back here. Horrible.



512. While in NYC for the marathon, my son and I visited Oceana Restaurant. The restaurant has floor-to-ceiling windows and the floor is open and airy. Despite there being many patrons, it was very quiet, making conversation enjoyable. The staff is very helpful, pleasant. (I asked where the restrooms are and a staff member escorted me there.) There is a very extensive menu. The food was very delicious, served beautifully. We would have liked to have ordered the 4-course Chef's Tasting Menu but the server advised against it since we had theater tickets for a show which began in 90 minutes. I finished my meal with a perfect, small dessert of gelato. A lovely place to go before the theater. We will definitely return the next time we are in NYC.



513. Popped in for a business lunch as I work nearby. Very good stuff and I can see why it's a popular place for colleagues. Efficient and polite service, classy interior and decor, very tasty food.



514. My mom and my ""go to"" nice restaurant when we visit NYC. We typically do the Tasting menu and it is well worth the price. You get an appetizer, Pasta, Main and dessert. SO much food. Our favorite include the ceviche, crab cake, and allll the desserts are to die for.



515. Very much enjoyed our dinner at Oceana while on a recent NYC trip. Dined with friends and we all enjoyed our meals and drinks. Atmosphere was lovely and wait staff were attentive and personable. NYC has many excellent restaurants, and this one is among the best. I recommend and would most definitely return here.



516. My husband and I had salads and split a swordfish entree. The atmosphere was elegant and the wait staff was extremely efficient, polite, and helpful. I ordered a cocktail and it seemed flat. Our waiter brought another and it was flat, too, so he brought me a new bottle of ginger beer to add to my drink. It was very thoughtful and was the solution. And I didn't get any eye rolls about being fussy. Really nice staff. One thing that they did which really means a lot to me is that they waited until we both finished before clearing dishes...so many waiters don't pay attention to that. My husband got the pana cotta and raved about it. We were so happy to find this restaurant and will definitely return.



517. Friendly service, great looking place. Went on weekday, cleared out early and noise level dropped. Most in sport coats, so look like work dinners. Reasonable prices, nice selections. Pasta was pretty darn good. Wine guy helpful. Everything we had was pretty good, nothing was spectacular. Good time, good food, nice experience.



518. My better half had picked this place out. It had great reviews, was reasonably close to our hotel, and looked very nice. It also had sea food, and after all the steak houses, it would be a nice change.



519. Solid midtown option if you want a break from noisy steackhouses. Their lunch & theatre prix-fixe menus are an excellent deal. More expensive at dinner. We had great wine and seafood that night, alongside a complimentary anniversary cake. Kudos to the staff !



520. Wow. What a great meal! We all had seafood, each dish was terrific. The atmosphere is great, the staff is helpful and the presentation is wonderful. It feels like one of those places that has been there forever, but doesn't rest on its laurels, it's always trying to keep up...and it does. Now...bring the wallet. But, that's the point of going out, to enjoy yourself! Great night!
Angelina Bakery Times Square
BakeriesItalianPizzaCafe
5.0
521. The quality of the products are awesome, but some girl from the counter really needs customer service skills, we ordered an ice latte and she gave us an Ice drip, when we tell her kindly that the order was wrong, she just said ""you are wrong, not me, I just give you what you order"" and just refused to change our order.



522. Make sure you go hungry as the rolled croissants are HUGE and gorgeous. Lovely place for brunch and lunch. Hardest thing to do here is decide what to have ;)



523. Sandwiches and pizza are so so good that we had to come back! Not once but twice! The dessert is heavenly as well.



524. Awesome, very good quality and super fresh. I'd really recommend this place in times Square New York city



525. the food dessert gelato the service very satisfied the music transports you to another magical place many people very happy and giving good service



526. In the midst of crazy Times Square is a piece if European deliciousness. Pur family loved these pastries. The mont blanc is half nutella and half custard. The outside is really crispy and sugar coated...just like what we had overseas. The strawberry croissant is also so good. I honestly don't think you can go wrong here with a pastry choice!



527. Great spot . Friendly staff. Delicious pastries . Has a small sitting area where you can sit and relax.



528. Great location and wonderful food to chose from. We purchased various combinations of their gelato which were all delicious. The cakes looked amazing too!! Highly recommend



529. Very clean, and good customer service. Coffee and Baked goods were excellent! The cannolis are very good and in expensive.



530. The desserts were delicious, the customer service was great! I got a raspberry croissant it was hands down the best croissant I have ever had! I 100% recommend!



531. Amazing pastries and cakes and coffee all reasonably priced Highly recommend the croissants and the Nutella doughnuts and the delicious fruit yoghurt.



532. Great experience! Pastries are fresh and delicious. Great place to stop for a sweet treat during our family vacation.



533. Oh my gosh, you guys have to check out Angelina's ice cream in NYC! It's seriously the bomb dot com. The flavors are off the charts and totally mind-blowing, like who even knew you could put bacon in ice cream and it would taste so amazing? Plus, the portions are huge, so you definitely get your money's worth. Don't miss it, it's the real deal!



534. Amazing place to have dessert!! Loved it. Absolutely delicious crossoaint.had fun! Also the pizza was amazing. And also the foccacia bread was just perfect.



535. Everything was great! I got a great coffee very quickly and the service was phenomenal. Thank you for it!



536. Great snacks I enjoyed my Canolli will be coming back very soon. Thank you guys for a beautiful establishment



537. Beautiful, unique desserts. The donuts are classic, messy, but always good. I like them microwaved. The gelato is also very good. Nice, clean unisex bathroom.



538. I love the Nutella bombolone! I stop in and get one every single time I come to NYC. The donuts are soft and fluffy and full of cream. Everything always looks so cute!



539. Lovely! Nice location fresh pastries. Good service Lovely staff and fabulous almond croissant. Xoxo



540. Excellent Bombolones!!! Yum!!! Great after theatre stop! Upstairs seating area with much appreciated air conditioning! Cafe lattes & sweets!
P.S. Kitchen
AmericanVegetarian FriendlyVegan Options
4.5
541. we had the bbq ""chicken"" salad, thai ""chicken"" sandwich, brussels, and glass of cab. we had a resy but sat at the bar. all were tasty and service by bartender was great.



542. P.S. Kitchen is not just an amazing vegan restaurant, it's also a vegan social business based in NYC. I did not know that before (read more about that on their website), but I had heard great things about their food!",0.027,0.607,0.366,1.0,Very Positive
"I'm a burger dude by heart, so I tried their Smokey BBQ Burger (Beyond Burger, American Cheese, Caramelized Onion, Smokey Portobello Mushrooms, BBQ Sauce and Pickles on a Pretzel Bun) and it was one of the best vegan burgers I've ever had! ...and I've had quite a few.",0.0,0.905,0.095,0.6696,Positive
"Excellent place with super friendly staff. A must visit, vegan or not.



543. We had the Thai ""Chicken"", Beet Salad and Maitake Wings. They were all VERY good. The ambience is good as well. Definitely going back there!



544. Wonderful experience all around. Staff super friendly and knowledgable. The food was outstanding. Comfortable funky chic decor. Loved it all. Thank you!



545. I had time to kill before a show so I was just wondering around aimlessly until I came across this establishment. I quickly read the outside menu not realizing it was vegan.",0.048,0.562,0.389,0.9918,Very Positive
"When my food came, all I could say was OMG! I had no idea my crab cakes were crab free! The Thai chicken wings were fabulous! It even looked and had the consistency of chicken. It was an extremely pleasant surprise and I will definately bring my friends with me to dine when wr come in for the next show! The wait staff was do friendly and the service was outstanding. Thank you for my day incredible even with the mediocre play I had seen.



546. Nice looking place with good service and a menu that sounds good. Unfortunately, every dish we had was a meat wannabe that did not make it and left us queasy later that evening.



547. Arrived in the city from the UK and searched for vegan places nearby, walked in and it was really busy but they found me a seat inside within 5 minutes. I ordered a pot pie which arrived really fast and was utterly delicious. The food really looks and is amazing, the restaurant has a lovely atmosphere and the team there are really nice, pleasant and professional. I loved it, I will be going back sometime for sure. Oh, and all the profits go to charity, it's fully vegan, what's not to like.



548. It's already the second time we have the pleasure to eat their food. Good job guys! We love it. From the appetisers to the dessert which came with a good coffee. Very nice stop in the heart of NYC. Better book a table, the place is quite popular!



549. So good we visited twice. Once for dinner before a show and once for dessert and drinks. Feels very much removed from the insane Times Square vibe as it is technically in Hells Kitchen. But a pleasant walk to the theaters and to our hotel. Delicious drinks and food!



550. A perfect spot for a delicious dinner before a show. This is a busy vegan restaruant located right in the theater district, with a terrific menu. It was a cold January evening, so the ""chicken"" pot pie was our obvious choice. So, so good!



551. I am a meat eater but decided upon my daughters urging to try vegan. We decided upon this restaurant. I was amazed at the quality and taste of the food. Superb. I'm almost a convert. Service was impeccable. Only downside is the cost as it is expensive.



552. Second visit and excellent both times . Food is amazing , fresh and full of flavour . Staff helpful and friendly . Lovely atmosphere. Thank you



553. Given NYC's size and status, generally vegan and vegetarian options in the city are relatively rubbish compared to any other non-US city. But P.S. Kitchen was simply superb in the quality of food.",0.027,0.669,0.304,0.9995,Very Positive
The taste is not compromised and everything was so fresh.,0.0,0.751,0.249,0.4572,Slightly Positive
Some unusual options too as well as staples. Same for drinks too.,0.0,0.84,0.16,0.2732,Slightly Positive
I would highly recommend this. Very central to Times Square but does not feel commercialized.,0.0,0.873,0.127,0.2255,Slightly Positive
"So pleased to have found it. Everyone in the party (1 vegan and 3 vegetarians - including children) loved it.



554. This little gem is off the beaten path and well worth seeking out. I heard about this restaurant from a comment on a vegan foodie I follow on Instagram. The atmosphere is quaint and relaxing. Our server was sweet and attentive. The food is yummy and worth the price. According to what I read, all profits go to support local charities. I asked our server and she confirmed that the owner donates the profits. I've never heard of a philanthropic restaurant. So cool! Eating great food and helping others at the same time.



555. As a vegetarian, I really enjoyed this restaurant, knowing all of the options were vegan. There were several plant-based meat dishes, but several salads, too. I got the caesar salad with crispy ""chicken"" and it was delicious. We had a delightful waitress, Corinne, who provided excellent service.



556. Absolutely amazing Thai ""chicken"" burger. Wow! Crave worthy. Will be back before I leave NYC! If I could, I'd eat here every day!



557. During a visit to NYC we ate twice at this wonderful place. The amazing concept behind the restaurant is synonymous with the amazing food they serve. The vegan menu is an absolute delight, the food was fresh and delicious and I genuinely felt spoilt for choice. All of this coupled with fantastic service that each time went above and beyond our expectations. Thank you to the hosts for squeezing us in without a reservation and special thanks to Frank and Elainie for their perfect service. We love this place! P.S... save space for a cocktail



558. Just amazing!!! We found it really hard to find vegan dishes around Time Square and P.S. Kitchen was just perfect! The restaurant was recommended to us and we will be 100% recommending it to everyone we know will be visiting NY! The food was just amazing, the service was great. Thank you!



559. I live in the UK and i was very nervous about finding places to eat in nyc as i am vegan. I found this place on happy cow, its just off Times Square and what a little gem. The Staff are so welcoming and friendly and I can honestly say I had the best burger i have ever had. Its definitely a must if you are in NYC.



560. The menu is a bit misleading, because it says chicken when it means soy or mushroom. The whole menu is vegan. That said, even the meat-eaters in my party felt they had plenty to eat and enjoyed the food. They were also very accommodating of a group arriving without a reservation on a weekend brunch.
Glass House Tavern
AmericanBarVegetarian Friendly
4.0
561. Very nice spot conveniently located in the heart of the Broadway. Varied menu, something for everybody. Excellent choice for a pre-show dinner.



562. If you have an opportunity, I would suggest selecting another restaurant. Last night my wife and I went there to celebrate our anniversary. The server provided us with two "" complimentary"" glasses of champagne. When our bill came we noticed we were charged for both glasses. Our server informed us that he had to include them for inventory purposes and they would be deleted at time of payment. That was not the case so another server came to our table, apologized and corrected this matter. As we were leaving our original server came over to say he was supposedly embarrassed by his oversight. The menu is very limited and my main course lack any flavor. In addition it took three requests for bread (rolls) and a lemon for my water.



563. Had booked for later in evening but guy on the desk helpfully rearranged. We explained had just flown in from uk and could fall sleep during dinner! Our server Larry was the best. Food was excellent, I had roast chicken which was cooked to perfection. My wife had lamb fettuccini ragu. Both awesome. Wine great.",0.031,0.667,0.303,0.9998,Very Positive
The service was also excellent. We would have gone back for dinner but unfortunately we didn't have time.,0.145,0.746,0.11,-0.1901,Slightly Negative
"Great location, excellent service, fresh ingredients, and wonderful atmosphere.



577. Super convenient location, in Times Square. Our waiter, Larry, was wonderful and prompt. However, the food was nothing special and slightly bland. Great location and service, not-so-great food.



578. We went to Glass House before our play. I liked the prefix menu and there were many good options.Service was good and food was above average but not great.



579. I can't comment on the food as we didn't eat there, but we called in for drinks a couple of evenings while we were in New York. The staff were friendly and attentive, without being intrusive. Drinks were lovely and reasonably priced. We'll definitely be back next time we're in the city.



580. Not for Italian taste. We ate badly and paid a lot: this is the summary of our experience in this restaurant that boasts high culinary standards. The modest, although clean, environment immediately makes us understand that we cannot expect much. The dish of meat, cooked poorly and with an indecipherable side dish based on cauliflower, remained on the plate almost without being touched. Price absolutely unjustified.
Magnolia Bakery
BakeriesAmerican
4.0
581. Best banana pudding I've ever had. And the prices were reasonable as well. We tried the one at Moynihan Train Station but there are others throughout the city.



582. This is an absolute must if you're visiting NY. Please get yourself their banana pudding, and get a big one if you're sharing! They have seasonal flavors, and when we were there around Christmas they had red velvet... it was beyond good. I've had their normal one multiple times, and this was a very yummy twist. We came back here a couple times while we were here.



583. The cheesecake at Magnolia Bakery was everything I had hoped for and more. The texture was incredibly smooth and creamy, and the flavor was rich and indulgent. Each bite was a heavenly combination of tangy cream cheese and a buttery, melt-in-your-mouth crust. It was evident that great care had been taken in crafting this dessert, and the attention to detail truly shone through.",0.014,0.751,0.235,0.9983,Very Positive
"The presentation of the cheesecake was also noteworthy. The slice was beautifully plated with a dusting of powdered sugar and a dollop of whipped cream on the side. The portion size was generous, providing a satisfying treat without being overwhelming. It was evident that Magnolia Bakery takes pride in their creations and strives to provide a delightful experience for their customers.



584. Went there for the banana pudding and was not let down. Bought maybe 10 for 3 days, it was amazingly delicious. Can't say anything for the rest of the the cakes and bakery (looked pretty basic).



585. Despite my love for magnolia's banana pudding I recommend their cakes and muffins. So tasty/ A must if you visit NYC and love cakes



586. Stopped past to get something sweet after dinner. Didn't expect to purchase the banana pudding however everyone was ordering it so I thought I would give this a try. Wow it didn't disappoint. It's delicious. I also purchased a cheesecake which was also very tasty.



587. I had previously really enjoyed the banana pudding from this brand, so we decided to order a birthday cake for my mother while on vacation. The cake was on-time and beautifully decorated as specified in the order. However, it was extremely dry, to the point I didn't even want to eat any. When I went to pick it up, I had to wait a long time for them to just grab a cake and give it to me, and one of the employees kept loudly asking his coworkers if they could give him any prescription stimulants. Not exactly the cute atmosphere the brand aims to cultivate.



588. Unfortunately, it is so hard to find good bakeries in the USA. Most places use too much sugar and butter. We visited Magnolia bakery just because of its high reviews and we did not have much hope. But their banana pudding was awesome. It was so well balanced and not too sweet. We also got cupcakes but they were not so tasty.



589. This bakery was on our must visit list when planning our trip - especially to try their famous banana pudding. The pudding was deliciously creamy and was any banana lovers dream. We visited several of the bakeries throughout NY city to purchase coffees, drinks and even more banana pudding! Would highly recommend.



590. The banana pudding is really great, the best I have ever had. We had to queue up for 20mins but it was worth the wait. It is very close the Rockefeller center, wnjoy the view and the pudding.



591. This place is great. It's semi-crowded on a Thursday. The people were nice. The banana pudding is absolutely amazing. I'd love to go again



592. We went to the one in Greenwich village and it was lovely! The smell was amazing when you walked it and the prices were reasonable! Delicious banana pudding and cakes!



593. I have been to the Magnolia Bakery on other occasions and always ordered a few delicious cupcakes. This time, my daughter asked if I had ever tried their famous banana pudding. I had not, so since she is usually right I agreed to forgo the cupcakes and try the banana pudding. Oh my!!!! My love of chocolate went right out the window when I took one bite of this fabulously creamy and flavorful banana pudding! This is now my favorite dessert of all times and so reasonably priced as well.



594. Perfect flavour - we got the flourless brownie which was smooth and tasted perfect. The magic slice was really good and I'd easily buy another piece, and the caramel chocolate brownie which my husband enjoyed. Lovely homemade flavour and didn't taste commercial.



595. Amazing cupcakes and cookies Strange system to order first and then start the queue, my tea was cold at the end of the queue to pay



596. I feel like everyone knows about Magnolia Bakery, but we don't have any where I live, so we just had to stop by this one when in NYC. Of course we tried the infamous banana pudding, but we also got a chocolate cupcake. Both were amazing. The banana pudding felt homemade and the cupcake was decadent. The wait was long though!!!



597. This was on my list of places I wanted to try while in New York after following it for years on Instagram. We stumbled across one of the shops on our first day and I had to try their special flavour of the month. The peanut butter chocolate pudding cup. It was every bit as good as I was hoping it would be. Delicious!



598. During our trip to NYC we were told to visit this bakery and we were not disappointed! On our first visit I had the peanut butter ice box cake which was rich and delicious and my husband had a red velvet cupcake... everything looked so good and I was torn between the icebox and the peanut butter banana pudding, so a few days later we went back to try the pudding! It didn't look anything special when I opened it... but it tasted amazing and definitely worth a second trip.



599. The banana pudding was delicious! The staff are helpful while directing patrons to the appropriate line for desserts or banana pudding.",0.031,0.75,0.22,0.9997,Very Positive
travelchick2021,0.0,1.0,0.0,0.0,Neutral
California,0.0,1.0,0.0,0.0,Neutral
1018,0.0,1.0,0.0,0.0,Neutral
"Reviewed July 22, 2022",0.0,1.0,0.0,0.0,Neutral
Banana Pudding Better Than Mom's!!,0.0,0.534,0.466,0.5399,Positive
"So, I went on a trek to find the much-talked-about banana pudding. Now, I like banana pudding, but I don't usually go out of my way for it. Well, this is one pudding that I am definitely glad that I went on a mission to try.",0.0,0.745,0.255,0.899,Very Positive
"What makes it so good? Is there some unique seasoning or ingredient that other banana puddings don't have? No, not really. The banana pudding tastes like banana pudding should and it doesn't have any unique or higher-priced flavorings that you don't find in other banana puddings.",0.0,0.835,0.165,0.8171,Very Positive
"Then what makes it special? Well, it is all about the texture. The vanilla wafers are not soggy, the pudding is lighter than other heavier puddings. I think this is due to them possibly folding in whipped cream into the banana pudding. It is not overfilled with bananas or wafers, which probably helps to keep the pudding from getting that liquid that can occur when too many bananas are in the recipe. I do wish there were more wafers, but that is because they held up so well in the pudding and were not mushy.",0.0,0.901,0.099,0.7717,Very Positive
This is definitely something I want to try again the next time I visit NYC. It is definitely worth standing in line. And splurge a little and get the larger size. The small size will make you wish you had bought more.,0.0,0.751,0.249,0.8519,Very Positive
"600. 
Junior's Restaurant & Cheesecake
DessertAmericanDeli
4.5
601. This place is truly superb. Had a sit down at the bar (always wanted to do this) and the gent behind the bar was absolutely amazing. Always asking if everything was ok, more drink/water and keeping a track on our food order. If I ever had a bar I'd hire him! Venue was great, food first class and sad that it will be a good few years before we can get over the pond and visit this fabulous place.



602. Regular American diner food. Do not have option of spice in the food. Do not add salt to omelet even if requested. Family did not like food.



603. We were served by Alex I who make our final few hours in New York lovely. He is an asset to the restaurant. Friendly, helpful and informative, nothing was too much trouble .",0.046,0.739,0.215,0.9834,Very Positive
He looked like a young John Travolta.,0.0,0.667,0.333,0.3612,Slightly Positive
Husband had the cheeseburger which he said was amazing. I had the pastrami on rye which was recommended by Alex and did not disappoint.,0.0,0.718,0.282,0.7819,Very Positive
I then had a voucher for free birthday cheesecake and it was amazing.,0.0,0.559,0.441,0.7964,Very Positive
"I can understand why people recommend this



604. Food as expected for a diner, no issues, service was slightly slow but even the 2pm slot is busy. Opted to eat outside and people watch. Hope they move to a system where bill can be paid and completed at the table.



605. We went after our Broadway play for second supper. We walked right in- it was very busy and service reflected that. We tried the pastrami and corned beef on onion rolls with fries to share the sandwiches were fine and the fries were good. Also got the matzo ball soup which was excellent. A friend really enjoyed the disco fries. We got the brownie cheesecake for dessert which was alright.



606. This is by far the best cheesecake I have ever had. I will definitely go online and have this cheesecake mail to my home. If you are in the New York City area.. it is a must that you eat this cheesecake perfection!!!



607. Such great sandwiches and such reasonable prices. Wait staff was courteous and efficient. Food was great.



608. My friends and I had delicious ""comfort food."" I took the bus back to Massachusetts and I had some left overs in a ""to go"" box to enjoy on the trip! The wait staff is super! Also, we went on a warm, sticky day. The A/C was delightful inside the restaurant.



609. Amazing cheesecake - we tried the brownie explosion, key-lime cheesecake and the gluten / sugar free cheesecake. All were delicious and great size



610. We visited for breakfast for my husband's birthday! The restaurant was packed on a Monday morning. We ordered the smoked salmon egg Benedict with coffees. The coffee was just okay and the English muffin under the eggs were too hard to enjoy... so the food was disappointing.",0.019,0.667,0.313,0.999,Very Positive
"We got complementary cheesecake to take back, for my husbands birthday and we must say it was one of the best ones we had in a long time!



611. The reputation this place has as the go-to place for breakfast is more than deserved. Great quick service, clean, good food, huge portions. A bit pricey but you expect that in this location.



612. I placed an order for two cakes with Carlos in the bakery and he was so kind and patient with me. I have worked in Customer Service for many years and been a customer for many more and I would have to rate his professionalism and courtesy as THE BEST I have ever received. Thank You Carlos and Thank You Junior's for being the BEST at what you do. And there is no other Cheesecake in the World that can top Junior's Cheesecake! Certified Brooklyn born and a customer my whole life.



613. Junior's was hands down our favorite restaurant for breakfast while visiting NYC. The atmosphere was great, the staff was always friendly and fast, and the food was delicious. For the 6 days we were in NYC, 4 of them started at Junior's! The only reason why it wasn't all 6 days was because we aimed to try different places, but after always comparing other restaraunts to Junior's, we decided to make it our ""go to"" place to start our day.



614. We were going to Ellen but dived in here, really pleased we did. Excellent service, clean and most of all good food. I had the omelette which was great my wife and son had pancakes which they said we're as good as Bubbys



615. Service was sketchy. Ordered beverages and our food. Never even got a glass of water, until our food was delivered. I ordered a hot sandwich, it was cold. Just not the experience I am accustomed to when I visit!



616. Juniors is always a sure bet everytime we eat here, whether it be at the 45th Street or 49th/Broadway location. Love ALL the dishes, and love the fre pickles, beats and coleslaw that are served before the meal (but sometimes you have to ask for them if the restaurant is swamped). PLUS the cheesecake is divine!



617. Came here to try the cheesecake, wasn't disappointed! They have sugar-free versions for anyone trying to mind their health, but no compromise on taste. No complaints from our party of four



618. Juniors gets the rep of the best cheesecake in NYC but after a few days in NYC it's quite apparent all the cheesecakes look the same in each place so we opted for some cupcakes, 2 cupcakes for $8 was decent considering the size of them. Glad we tried something from juniors before we left, next visit we will defo go in for cheesecake and food



619. Juniors Cheesecake ??... so so delicious.. tried their Onion Soup, Salmon with rice and finally had a Cheesecake which is their famous food item. It's Juz opposite to my hotel Crown Plaza Times Square.. gathering food and it's crowded always. Need to book and wait.. staffs are so helpful and their hospitality is amazing..



620. Best cheesecake I have had in a long time, staff was excellent in accommodating my party. Waiter was friendly and conversational even in the very busy restaurant. Did I mention the delicious cheesecake
The Palm - Palm West
AmericanVegetarian FriendlyGluten Free Options
4.5
621. My wife and I went to The Palm Restaurant on Father's Day. Although it seems to be primarily a steak house, they have plenty of other options. My wife and I thoroughly enjoyed our appetizers of calamari, jumbo shrimp and our main courses of shrimp saute and sea bass stuffed with lump crab meat. The shrimp especially was very fresh. Our waiter, Humberto was extremely personable and took the time to explain some of the history of the restaurant. There is artwork all over the walls of the restaurant, mostly of regular customers dating back many years. I explained to Humberto when we were first seated that we had a gift card for the restaurant given to us by my niece for my wife's birthday which was several months ago. After the meal was over, Humberto and a few other waiters surprised us with a complimentary carrot cake with candles on it and sang Happy Birthday to my wife. They really made us feel at home there. We also had a good time joking with Daniele, the hostess. We highly recommend and will definitely go back to The Palms.



622. Amazing food, service was out of this world as always. While other restaurants and going down, they manage to keep at a top tier for both food and service.



623. if you don't want to go to Smith & Wollensky or Peter Luger, this is in my opinion a perfekt alternative! the food is excellent, you have a wide selection on the menu. service was just perfect and the atmosphere is authentic! we enjoyed and would go back anytime



624. Had a wonderful meal, steak and Lobster couldn't fault it and the service was good, but not cheap then everything in America is expensive.



625. The original Palm, Palm Too and even Palm Tribeca are all gone. This is all that remains. After a long covid layoff we returned recently and, sadly, we will not be returning. The filet was nowhere close to the tenderness of the pre Landry's Palm standards. My ribeye came, without warning, with a kind of peppery seasoning that no real prime steak needs. My old favorite Monday Night Chopped Salad had clearly been waiting for me far too long before it was served. The Palm was a steakhouse staple. It wasn't broke but Landry's fixed it anyway. Now we need to find a new go to when the urge for a steak night out strikes.



626. One of best restaurant experiences ever! Excellent waiters, elegant food, and worth every penny. Want to feel like royalty? Done here!



627. We ate here before seeing a show, we weren't that hungry having had a late lunch.",0.02,0.751,0.229,0.9998,Very Positive
"We had a wedge and Caesar salad which we're both large and tasty, as well as the lobster bisque. The lobster bisque was one of the best we've ever had, that's saying a lot as we will always buy it when we see it on a menu.",0.0,0.87,0.13,0.743,Positive
"The service was very engaging and highly efficient.



628. Went to the Palm, didn't feel like steak, ordered the Tuna Agghiotta. It was done perfectly. had Thick-Cut Nueske's Bacon for an appetizer and the lobster gnocchi for a side. Meal was fantastic.



629. Overpriced food and drinks, the menu looks like a footnote, and the server took more than 20min to come over to take my order. Only good thing was decent wine options.



630. My family and I enjoyed a traditional Thanksgiving dinner here in a prix fix menu. Portions were plentiful and the staff was welcomng and highly efficient. Food was fabulous and we enjoyed generously sized desserts!



631. Before a weekend entertaining family I was able to enjoy a solo Thanksgiving visit to Palm West in Manhattan. Always a reliable choice for a great meal, the Palm has emerged even stronger from the pandemic and a change of ownership/management in the last couple years. Of course there were hiccups along the way. Like many restaurants in recent years there have been staff changes, struggles with supply chains and a shift in client dynamics. Not every restaurant has survived. Nothing illustrates this reality more than the recent closing of another Palm location in the Tribeca neighborhood of Manhattan. Palm West - in the heart of the theatre district - is the last of the franchise in New York. And always my favorite.



632. Excellent service and food. Highly recommended. On the pricey side but well worth it given the quality! Will be back again!



633. This restaurant was next to our hotel and just off Times Square, which gave us concern that it might be a little touristy. Nothing further than the truth. Super, dark wood-panelled dining room, smart, attentive servers, terrific menu. Went with the jumbo shrimp cocktail then a New York strips, washed down by a couple of Sam Adam's. Quite excellent. Highly recommended. Ask for a booth.



634. We recently ate at The Palm for dinner.",0.018,0.79,0.192,0.9952,Very Positive
"Our waiter was extraordinary! ( had the ponytail). He was so friendly, attentive and provided us with the best service.",0.0,0.664,0.336,0.8627,Very Positive
"We had lobster, wedge salad and onion rings/fries. Everything was top quality and delicious!",0.0,0.674,0.326,0.6996,Positive
Save room for the delicious cheesecake!,0.0,0.357,0.643,0.8016,Very Positive
"Thank you to our waiter for a great dining experience!



635. My wife and I went to NYC for her birthday week. Little did we know our dinner at The Palm would be one of the highlights. After an enjoyable show we sat down for a late dinner at 9:45. My wife had the Salmon which she thoroughly enjoyed. It was great for us, but if you like your fish well done, you need to ask for that.",0.0,0.797,0.203,0.9359,Very Positive
"I had the best New York Strip that I have ever had, and this is not hyperbole. It was perfectly prepared and topped with a finishing salt that accentuated the flavor. We split a side of creamed spinach and went to our hotel with bellies full and smiles on our faces.



636. Excellent food and service. Appreciated the birthday song with my ""Death by Chocolate"" birthday cake.



637. My filet was as tender as one can ever be. You can find such in a lot of steakhouses, but the way mine was grilled, at ""medium-rare"", was indescribable. It was red and warm in the center, and the crust was made in Heaven. I've never had a steak cooked so perfectly. My wife and I will be eating at this Restaurant at least one night on our return trips to NYC. My only complaint is with the old fashioned I ordered. The inexperience bartender put so much simple syrup in it that it tasted simply like pancake syrup.



638. We have eaten at the Palm a number of times but we really enjoyed our latest dinner here. The filet mignon and the Kansas City strip were outstanding.The martinis and the chopped salad were both very generous. What made this a really spectacular dinner was the service. The manager Dee stopped by our table, and she could not have been nicer. The place is nice and quiet, and you are not on top of people,You can face a conversation with your dinner partner without screaming.



639. We sat at the bar and had the most amazing dinner. The Filet was fantastic, cream spinach was magical. Bartender was wonderful and even provided a complimentary glass of champagne to celebrate my friend's birthday. Took desserts back tot he hotel and they were fabulous. This was my second visit and it is my steakhouse go to.



640. Came to this restaraunt after viewing a musical and they were nice enough to stay open later than they planned too. The staff were very nice, funny, and courteous and the food was exceptional. The drink was the icing on the cake. I can't recommend them enough.
Sichuan Hot Pot Cuisine
ChineseSeafoodAsian
3.5
641. Awesome meal with family of four! Walked in and seated right away for late lunch during busy holiday season. Staff was incredibly friendly, accommodated requests for different spice levels and answered my children's questions about the menu. Food was delicious! Especially recommend the pan fried dumplings. Even my extremely picky eater LOVED the Lo mein. Very reasonable prices for the size of portions and quality of food. My oldest insisted we write and good review and wants to return before we leave NYC.



642. We had thought we would have to eat our meal outside in the makeshift street dinning area but we're happily shown to a much quieter table inside. It turned out to be a lovely experience. We had a simple meal of pork and veggie dim sun and crab ragoon. An ice cold beer and a perfect temp glass of the house red accompanied our snack break. It was obvious many locals also choose this restaurant. The menu contained a myriad of offerings from the simple fare we chose, to elaborate Chinese items that smelled and looked absolutely delicious.",0.032,0.746,0.222,0.9992,Very Positive
The staff is top drawer. They are the ONLY establishment to request our showing our covid vaccine cards. That truly impressed us.,0.0,0.709,0.291,0.7783,Very Positive
"One of the three dim sum dishes was inedible, tasteless and sticky. The entrees were fair to poor with the worst case being we ordered jumbo shrimp lo mein and got a dish of brown noodles, no shrimp. The vegetable stir fry was covered in something shiny (oil?) and the beef with enoki mushrooms was 50% fat. I couldn't eat that either. We tried to get someone's attention about the shrimp, but we had already eaten most of the noodles and go nowhere with the ""manager"". Maybe this place is OK on any given Tuesday, but on Christmas Day, the food was insulting and the bill came to over $80 for 3 people with not much to eat and we were not happy. I won't go back.



659. I went to this restaurant with my boyfriend and I ordered rice with chicken but the meat didn't seem chicken. It was very strange. I ate only the rice. I don't advice you this restaurant. Moreover, the waiters wasn't friendly.



660. This is the second time we have eaten here. The food is good and somewhat authentic. Enjoyable all around.
Quality Bistro
FrenchAmericanSteakhouse
4.5
661. Probably the 1st time I ever ordered Dover Sole and did not finish it. Too dry and the sauce lacked any flavor. My wife ordered a steak medium rare and got one medium well. No bread service. No salt or pepper on the table and talk about the tables - they were so close I could taste the salad of the person next to me. If you ignore this review and go - stick with the rather good and very creamy mashed potatoes.



662. Gorgeous restaurant in great location. We sat outside in an adorable little spot with two booths that was warm and cozy and beautifully decorated. Our waiter was professional and funny and informative. Please get the butter and bread plate to start it was amazing how you get to see them prepare it in front of you. I suggest lamb chops lemon chicken and steak. My daughter is vegan and they had a special vegan entree. Also please get opera cake. It is gorgeous and incredibly tasty. I can't wait to go back to NYC and eat there again. A sensory experience for your eyes and your stomach. Bravo!!!



663. Went her for a business dinner that my colleague arranged. She had been here before and highly recommended the restaurant. Wow, she was right. Great food, wine and service. The spicy caesar salad was amazing. I had the branzino for an entree and it was really good. I can't wait to go back!



664. The butter service was superb, definitely can shared with about 4 people, but just for the two of us, it was a lot to finish. It's like a meal in itself! The steak, crab cake, brussels sprouts and goat cheese salad were very nice. The spicy bird cocktail served in their signature peacock porcelain cup was a nice touch. Overall, a great dining experience. Highly recommended!



665. The food is good here, but there are aspects that need improvement.",0.048,0.741,0.211,0.9987,Very Positive
1. Why does one always have to play table games? Do they really need to try to seat you closest to the station where the line of servers is standing there like players in front of a goal on a penalty kick?,0.066,0.817,0.116,0.3094,Slightly Positive
"4. The service is fair.



666. Very average food and service , and on the expensive side.",0.0,0.867,0.133,0.3182,Slightly Positive
"The manager said to us ""large private party in the back slowed down the kitchen and you should have ordered your steaks rare! Cooking a Chateubrian medium adds 15 minutes"".



680. Yes to the butter service and any steak on menu. Also say yes to corn creme brulee. It was all delicious. Also great were the marinated leeks and ham as part of butter service. In nicer part of town....great location and pretty restaurant.
Joe's Pizza
ItalianPizzaFast Food
4.5
681. There was a long line to get into the restaurant, but it moved fairly quickly. While I prefer a deep dish pizza, the thin slice served at Joe's was very good. I had the fresh mozzarella slice and found it tasty.



682. The crust was burned, the lines and wait long. This IS NOT THE BEST PIZZA in NYC. Not sure how this is so highly regarded, it does NOT meet the criteria for a Montes Coveted 2 Thumbs Up. Not even close! For shame.



683. Hot pizza. We had a pepperoni and 2 cheese slices with three drinks . Total bill was $31. Crust is crisp. We like Bleecker better....but you'l have to decide for yourself!



684. Joe's pizza comes up as one of the best pizza places in Manhattan, so we had to try it to satisfy our curiosity. The pizza slices were big, but disappointingly tasteless. Not worth the money, the wait and the hype. I am sure there are better places serving pizza in NYC.



685. Sooo good! I didn't think anything of this place until we got there and the line was all the way to the end of the block ?? The pizza did not disappoint! It was delicious! We ordered a pie and it was gone within minutes. My 8 yrs old ate three pieces and I'm talking about those huge NY pieces ?? Must try if you are in the area.



686. It was my first time visiting New York and I wanted to have an authentic New York pizza experience. I'm not an expert, but Joe's pizza might be it! We bought a whole pizza and I couldn't resist buying a slice of the spinach garlic pizza which was absolutely delicious!



687. Queued for 30 mins before we went to see a Broadway show. We were starving and still thought the pizza wasn't great which says something. Didn't taste of much and was really greasy. Wouldn't recommend, I'd imagine there are much nicer pizza places that are less popular and independently run.



688. Perfect NY pizza by the slice. Thin and crunchy. Not soggy at all. Spectacular sauce. Quality cheese. Not a lot of space to sit down, but still worth it.



689. We went to Joe's based on yelp reviews. The pizza didn't wow us. It was decent but nothing I would recommend to a friend as must do.



690. I love pizza and this was just average. The place is packed and the reviews are pretty good but in my opinion the pizza was just average. We visited the Times Square location on Broadway. Save your money.



691. Gotta love the huge slices of thin crust pie. A high volume shop. Come off hours if at all possible. Places to eat standing up as well as interior tables make it easier to eat while here.",0.068,0.759,0.173,0.9971,Very Positive
"A selection of a dozen types of pie which you can buy by the slice or order online for fresher pizza. Anything seems to be available but cheese and pepperoni seemed to be the most popular. Close to the theater district.



692. There's always a big queue, but it is real good pizza so we didn't mind waiting. My partner loves pizza and she was crazy for it and you can kill a bit of time looking at all the celebrity pictures on the wall. It was only 5-6 dollars for a big slice so you can pick up a tasty dinner at a really good price for Downtown Manhattan.



693. Absolutely delicious!! Some of the best pizza I have ever had. I ordered a slice of supreme and ate standing up outside. Expect to wait in a line, but it moves fast. The only downside are the drug addicts right outside the door, but I'm sure the restaurant has no control over that.



694. Pizza were not good at all. The pace is famous because you are in the middle of Time Square and some Spiderman movies were filmed here, but the Pizza were not so well prepared and too much overcooked. Doesn't worth it. Better to do in Tume Square.



695. This pizza is soooo good! Could of eaten it everyday on our trip. It was highly recommended and certainly didn't disappoint. Staff fast and friendly.



696. This is a solid 5 star pizza place. Line ups usually are an indicator of great quality which is the case for Joe's. But the staff are well organized and the line quickly moved along We had a basic cheese and it was superb !!! The sauce was tasty and cheese and crust were perfect. Best cheese pizza I've ever had in many decades. Go to Joes' ! There's tables in the square nearby



697. Really busy (queued out the door) but worth the wait. We got a pepperoni slice - crispy base and perfect stringy cheese! No vegan/dairy free options but I didn't expect any. The guy at the till was super friendly!



698. Everything we wanted it to be and thought it was. We had to wait in line for a while (maybe 30-45 mins) but the queue seemed to be moving all the time so it wasn't too disappointing. There were slices or whole pizzas to be had. The theatre of so many people working in the kitchen preparing the dough, marketing the pizza toppings and checking the ovens was great to see. The pizzas were great. We walked them to our nearby hotel but there was room to eat in the place, simple grab a bench or stand round a table and eat. Lovely.



699. It's a good Pizza and the server was amazing. The guy at the till was super engaged and chatty with everyone. He was very sweet. And that made the experience all the more memorable.",0.055,0.707,0.238,0.9991,Very Positive
"We tried the cheese and tomato, the feta cheese and spinach (too salty), the meaty one and pepperoni.",0.0,1.0,0.0,0.0,Neutral
"I mean it's a good pizza, but tik Tok may have taken it to another level.



700. Superb pizza!!! The best and cheapest meal we had in New York by a mile. Probably the best slice of pizza I ever had. Juicey tasty and gorgeous crispy base. We paid less than 20 dollars for four huge slices. When I compare this to the 388dollars we paid in one of the fine dining steakhouses, Joe's wins hands down. Will be top of my list whenever we return to NY.
Five Guys
Quick BitesAmerican
4.5
701. Easily the best food we ate in New York! We came here three times because we were so impressed. The service was good and the quality-price ratio was perfect!



702. The location was very busy and full but the service was very fast. The hamburgers where good but the French fries where spectacular. Would go back just for the fries.



703. First time here. Place was busy on a Thursday night. Prices were more expensive than those in Oregon, but this is a franchise so its expected. Wait wasn't that bad. Fries were fresh and not just a bunch of crumbs. Good stuff like always.



704. Still delicious burgers with all the usual additional condiments and fresh flavours. This place though is better for take away / deliveries as restaurant looking tired and grubby. The staff were caring and helpful and the food makes up for the other environment failings.



705. Fast service, friendly staff, relatively clean restroom, best fries ever, hardly anyone there so plenty of seating available.



706. Last night a lady friend and I went to the five guys Midtown Savannah Georgia for the first time. This was after seeing a posted listing on Facebook that looked appealing for Old Time hamburgers, french fries and milkshakes. I asked if they offered combos and the order taker said no they're line item menu. So okay, when I ordered hamburgers french fries and Coca-Cola the lady said the total was $38 and change.... excuse me! We'll never go back. Her hamburger was completely separated when she opened the foil wrapping .....should have taken it back and had them prepare it again regardless of the price! Had I read a review of a simple place like that I would never go and I hope this helps anyone anywhere determine that they are operating at their own risk of being completely overcharged for average food as I don't mind paying a premium price for a premium product! There are too many places to go that offer a reasonable charge for a reasonable order of some food such as Pizza other hamburger places, and Chinese Oriental along with seafood. Although their prices are marked, I was oblivious to it!



707. We visited Five Guys in Greenwich Village and the Bacon Cheesburger was superb! Juicy, tasteful meat, crispy bacon and you choose your own toppings - as many as you want included in the price!



708. If you are hungry and tired from a long day the Five Guys is just what you need to fill you upo. Great american burgers and fries combo, a real american burgerhouse. Clean, Fiendly, Proffessional. The portions are huge



709. Fabulous burgers and fries combo just what we needed after 10 miles walking New York and a boat trip to the Statue of Liberty good quality at a fair price!



710. I never really review per say fast food places but this definitely has to get a mention in a must to do staple of a NEW YORK trip.",0.029,0.731,0.24,0.9994,Very Positive
"The burgers are juicy and brilliant, more so you can custom build to your exact liking.",0.0,0.683,0.317,0.7579,Very Positive
The staff member who served me also had a great vibe about him...service with a smile goes a long way so keep it up,0.0,0.742,0.258,0.765,Very Positive
"There are a few around New York city so make sure you hit one up.



711. Five Guys everywhere seem to be consistently good. I usually only get a burger and never fries because I don't have any room for the side.



712. Definately one of the better cheap eats. The service was good and the staff very friendly. My friends had the burgers, I had the cheece/bacon hotdog and we were all happy with our food. Colddrinks are bottomless, plus you get free roasted peanuts to nibble on whilst you wait for your order.



713. We had heard great things about 5 guys so thought we would give it a try . Disgusting is our opinion the burger arrived in foil a soggy mess on opening . The fries looked delicious but tasted over cooked and far too salty just thrown in the bag . It looked like something you try to produce at home after a few drinks. Very expensive and Won't be returning .



714. Quick service, food was delicious and staff whee very helpful. The restaurant was kept clean even though was very busy.



715. The beef pattie was nice, The fries were cold, the bread roll fell apart, it's not cheap, won't be having a five guys again



716. It was my first time trying the famous Five Guys burger and I loved them! The bread and meat were crispy and that gave it an extra point. The fries were also really good and what really makes the place great, is their soda machine, so many flavors to choose! I don't know why no one is talking about it, you can't find it everywhere, let alone abroad.



717. Actually my 2nd visit . After 3 years. Free shelled peanuts while I wait . Drinks are refillable. Food served in take away format so it's a come and go thing . But they have restrooms that can be used by using coded receipts of food you buy .",0.018,0.804,0.178,0.9953,Very Positive
"Cheeseburger is huge , but delicious indeed. My spouse had the cheese hotdog that was good as well . The fries made ""five guys style"" served freshly cut potatoes and it was tasty . Highly recommended.



718. Fantastic burger! The burger is really good and tasty and since you can choose freely what to put in, its your own fault if you don't enjoy it! The french fries could have been more crispy, but they are made from real potatoes peal and all and I liked that. You can get the Cajun spice on the side.



719. I've been told this company sell great burgers, well the beef patty was nice but the rest of it was not so good, the roll disintegrated, the fries were not very warm. I've been there and won't be back



720. Heavenly melting cheeseburger.. I can never get enough if it!! Fresh, warm, juicy to perfect! Five guys get it always right.
Toasties
Quick BitesAmericanCafe
4.5
721. Walked passed on way to grand central station looked busy popped in for a traditional american breakfast, enjoyed



722. I cannot recommend Toasties on West 49th street enough. We went on our first morning in NYC with no expectations but we were not disappointed. The service was excellent and the food was even better. I had the Saturday morning wrap and my sister had the El Huevo wrap and they were both fantastic. We only went in the once as we had other plans but i would have gone every day if we didnt. Get yourself down there. There are few seats but the packaging would make it easy enough to eat on the go.



723. Visited during a recent trip from England. With my mother, husband and 2 children.",0.054,0.691,0.255,0.9977,Very Positive
"The team are so friendly, and directly interacted with my children.",0.0,0.708,0.292,0.6269,Positive
Only thing which could be improved is explaining you need to have your ticket when you collect your food.,0.0,0.853,0.147,0.4767,Slightly Positive
"The food was so tasty and the best we tasted while in NYC.



724. Lovely breakfast here and we were up very early , had the breakfast sandwich with bacon and eggs , staff were friendly and we got served quickly , really enjoyed the food



725. Recommended by staff at our hotel. Large sandwich shop, opens at 8:00. We. Had a reasonably priced NYC bagel with cream cheese. Tables inside, staff efficient.



726. We stopped to grab breakfast and it was fairly busy, but they had a lot of good options for a quick breakfast. They were willing to make some special orders for us too. Overall it was great!



727. I ate a quick breakfast sandwich here on January 13, 2022. It's just up from Times Square. It's pretty good and really probably the cheapest breakfast you'll get in New York.



728. I was staying at the Peninsula but I decided to escape and walk the streets to find a LOCAL place for breakfast. Found it on another site. Fresh squeezed orange juice while supply lasts. Everything made fresh, egg sandwiches with tons of bread/bagel options. Staff was nice and friendly. Also was reasonable for New York.



729. The place was buzzing with a brisk (mainly locals) breakfast trade. Always a good sign and we'll deserved- we had cream cheese bagels and a drink which came to about $12 for 2 people. You don't get much for $12 in NYC but this was a delicious, quick breakfast which was excellent value for money. Trade is largely take away but there are a small number of tables to eat in.



730. We stayed in Radio City Aparmtnets and we were delighted to have this place next door, convenient great food



731. Excellent value and a wide range of food, that mainly caters for those on the go. We visited after seeing reviews.",0.004,0.748,0.248,0.9981,Very Positive
Food was good and we were served very quickly. Seating is available but basic plastic chairs and tables.,0.0,0.897,0.103,0.2382,Slightly Positive
"I'd reccomend for those who want to grab and go for a good price.



732. Our family is visiting for my daughter's 16th birthday weekend. We are not frequent visitors to NYC, so we just googled ""cheap lunch spots near Times Square"" and found Toasties. So glad we did! The young man who took our order was very patient, explaining the process for ordering and check out. My daughter devoured her chicken teriyaki hero very happily. My husband and I had Italian heroes that were delicious with fresh bread and Boar's Head cold cuts. Even my youngest daughter, who is very picky, custom ordered a turkey sandwich and ate the entire thing. The portions are generous. We will definitely eat there again. We paid just under $50 for 4 sandwiches, chips and drinks....which was worth every penny!



733. We were looking for a reasonably priced but delicious breakfast and stumbled across Toasties. This is a place that locals and tourists frequent. First morning we took the food back to our hotel as there is Very limited seating. The second morning we were lucky enough to snag a table. Food was really good and freshly prepared. I had the everything bagel with bacon egg and cheese plus coffee. We had three adults and we all had breakfast and coffee for a total of $21. The only reason I gave it 4 stars is due to the limited seating. I definitely recommend for breakfast. We didn't have any other meals there so I can't speak to lunch or dinner.



734. Asked police officer where to get coffee and breakfast. He suggested here. That's a great review in itself...right? The breakfast sandwiches were incredible. And no wait. Go! You wont be sorry.



735. I asked a NYC cop where to get coffee that wasn't Starbucks. He sent me here. I'm so glad. I'd post a picture of my food but I ate it too fast.



736. We went here for a couple of breakfasts, very popular with the workers ordering their lunches, Try and time it so that all the workers have gone to work first and then the queues will have gone. Best energy wraps, Good prices.



737. Had a fantastic spicy chicken roasted pitta which had a great amount of heat and flavour. A portion of rosemary fries went very well with the sandwich!. Excellent value and a great selection to chose from.



738. Amazing take away soup sandwich & mince pies Definitely worth a visit & wait while sandwich prepared.



739. Decent sandwiches and good prices - nothing super special, so probably really a 3.5 rating, but friendly service that was fairly fast and large sandwiches that don't cost a fortune.



740. Went to toasties based on the reviews and I was not disappointed. Delicious breakfast sandwiches. two egg bacon and cheese sandwiches were reasonably priced. there was no crowd and we were able to eat in!
Del Frisco's Double Eagle Steakhouse
AmericanSteakhouseGluten Free Options
4.5
741. We had a party of six for my birthday,we had high expectations going in but we're somewhat disappointed.",0.033,0.729,0.238,0.999,Very Positive
We ordered cocktails and they were all really well made and a couple of appetizers which also were good.,0.0,0.751,0.249,0.6478,Positive
2 of our party ordered the filet one of which was over cooked.1 ordered the salmon and it was just ok and 1 ordered the scollops and at $62 dollars was a joke.My wife and I ordered the 16oz Ribeye and it was cooked medium but was tough.,0.038,0.887,0.075,0.1779,Slightly Positive
"We ordered 3 sides the Brussels sprouts,Mushrooms and the scalloped potatoes,which were the worst of the bunch.",0.215,0.785,0.0,-0.6249,Negative
We had a bottle of wine and coffee and dessert and the final bill was $650 which to me was about $300:overpriced for the quality of the food.,0.0,1.0,0.0,0.0,Neutral
"We had really looked forward to eating here but there are a ton of better steakhouses on the strip that we will try next time.



742. Overall a good dining experience with typical steakhouse fare. Service was excellent. It's a very large venue with several levels and the main dining room was quite noisy.",0.04,0.755,0.205,0.9054,Very Positive
"Our only criticism is that the steaks (filet mignon and rib-eye) were incredibly over-salted. It was a salt and pepper type rub on all steaks and virtually everyone in our large party commented on how salty the steaks were. We could not get our waitress to refill the water glasses fast enough. In addition, the requested degree of doneness was off the mark on several orders.",0.042,0.918,0.039,-0.0516,Slightly Negative
"Frankly, I would not go back since the salty steaks were a real turnoff. Perhaps, ask if they would lighten up or eliminate the rub when you order. No idea if this would be accommodated.



743. Even though I put this specific request into my reservation weeks ago, they did not have a table in our desired area of the restaurant. Decent ambiance, noisy as usual in America.",0.058,0.91,0.031,-0.2023,Slightly Negative
"Service was energetic but a bit chaotic, but he made up for it with free dessert and free wine (this saves the place the fourth point). The sides and dessert were good, the steaks weren't very tender and more rare than we had asked for. Sure, we could have sent them back to have them cooked for longer, but we really shouldn't have to, at this price level.",0.052,0.735,0.213,0.9239,Very Positive
"I really think the restaurant should enforce a stricter dress-code, t-shirt, tennis shoes and work-out shorts really shouldn't be acceptable.



744. Not a cheap meal, but steaks absolutely worth every penny. Service was friendly with good recommendations, enjoyed the chat to our waitress from Turkey! Thanks for an enjoyable evening.



745. This has to be the nicest steak I have ever tasted .. it just melted in your mouth .. was beautifully cooked. The sides were excellent as was the wine. The place was buzzing and yet everything was served quickly and efficiently and staff were excellent, attentive but not overly so. Would go back again in a heartbeat



746. DelFrisco has amazing steaks! I would say the best in NYC and maybe even in the world (but I didn't try every single steakhouse in the world). Anyway, they also have great stuff for not beef eater. Their Ahi Tuna is fabulous, tender, delicious and buttery. Perfect! And don't forget about cheesecake - I still feel it's taste even after few days!



747. The service was good BUT Del Frisco's IMO is good for their crab cakes and cheesecake and both were let downs.",0.006,0.646,0.348,0.9984,Very Positive
The crab cake came with very little sauce and the that sauce is really the star of the show!,0.0,1.0,0.0,0.0,Neutral
"The strawberry cheesecake was even more disappointing, with a changed recipe and completely different product. The cheesecake used to be the smoothest, creamiest cheesecake anywhere. Now it's just mediocre, a little gritty, less creamy, generic.",0.098,0.902,0.0,-0.5413,Negative
"Because of these changes, I don't see a point in going to this place anymore. It never served the best steaks and now it doesn't have the best cheesecake or crab cake either.



748. The food was great but we had an extremely loud diner seated 2 feet away from us that ruined our evening. He literally yelled throughout his and our meals. I did",0.125,0.837,0.037,-0.7156,Negative
"Mention to the waiter ""how Loud it was"" and he said he understood. Please be courteous to other diners when your entertaining business clients, they can hear you without yelling. A $250 dinner ruined!



749. I was going out to eat with my friends for my day off at Del Frisco's. They served the best food I've ever had. The drinks were amazing! My server, April Armento, gave us fantastic service. I will definitely be coming back soon! This place was a fun way to spend my day off.



750. We had so much fun. Del Frisco's has a great vibe. Steaks were so delicious and exactly our requested temperature. Mashed potatoes were unbelievable. Drinks were good and definitely long pours. FYI. So happy we discovered this wonderful place. 



751. It us a noisy scene but very efficient. Good greeting from kimibia? And superb service from shiva for a table of 8. Stay away from the market price items unless you ask the price. Excellent steak and sudes.



752. We celebrated Christmas dinner on Fri, 12/23 and this was our first visit to Del Frisco's. It is situated close to Radio City and Rockefeller Center so imagine the traffic to get to the restaurant. We were ready to cancel the reservation because of no street parking and garages available, but at the last second found spots right in front of the place. Checked in at the podium and had a short 10 min wait. It was packed.",0.03,0.726,0.244,0.9955,Very Positive
Seated downstairs in the wine cellar which we loved. We are from NY and did not need to sit upstairs for the city view.,0.0,0.855,0.145,0.5994,Positive
"We were out for a steak night and we got it! Two Ribeyes, a Tomahawk and 1 Seafood dish were served to perfection. Appetizers, sides and dessert did not disappoint.",0.0,0.8,0.2,0.7391,Positive
"Thank you to our servers, Chauncy and Taylor who gave us great recommendations.",0.0,0.625,0.375,0.765,Very Positive
Slight drama with another table where a father got his 3 sons too much to drink. They caused a commotion when they were cut off from another bottle of wine. The family was eventually escorted out. Kudos to Erica (floor mgr?) for handling the situation calmly and professionally. She comped our desserts for the interruption.,0.079,0.825,0.096,0.25,Slightly Positive
Thank you Del Frisco's team for a delicious and memorable dinner! We will be back again!,0.0,0.657,0.343,0.7772,Very Positive
"PS...do not skip the Butter Cake.



753. We had our Xmas meal here (2022) the restaurant is lovely and the food was great, we both had fillet steak and it was cooked to perfection. Staff are lovely too.",0.0,0.688,0.312,0.9468,Very Positive
"Not cheap the meal for the two of us cost $290 that included a $58 bottle of Prosecco but it was all worth it and and would visit again.



754. I have been visiting this Del Friscos for the past 15+ years. Many meals with my company and family. I'm not sure what happened to the restaurant we were accustomed to. Everything about our last experience was a disappointment. Del Friscos needs to stick to steak and abandon their sushi menu. The salmon sushi appetizer was not even edible. My medium well steak arrived medium rare. My husbands medium rare steak arrived medium. The sides were average.l and cold. We did not even get one drink that we paid for. The real disappointment was the cheesecake. For years this has been a favorite. What was once homemade and fluffy is now a small factory cut rectangle that looks and tastes like it is from Costco. Atmosphere once was primarily business and now has now turned into a tourist atmosphere where everyone looks like they have been at a theme park for the day. Very disappointing from food, service and atmosphere. Will not return.



755. We had a reservation with friendsand we can say the place has to improve the welcoming process.",0.096,0.806,0.098,-0.0983,Slightly Negative
"First it was Covid time and there was a ward at the revolving door, Ok, but the ward was standing 10 feet away from the door and calling you to come to him , very surprising such a bad education as he should stand in the position at the door to check the customers. Even if the guy is hired by a private security corp, the restaurant manager has to check the behavior.",0.066,0.834,0.1,0.164,Slightly Positive
"After first first bad contact, you enter the very tiny lobby that is packed, very surprising during Covid time and another bad surprise, despite we had a reservation and came sharp in time we had to wait maybe 20 minutes, I was about to leave if this was not the birthday of one of the friends with us.",0.124,0.741,0.136,-0.0589,Slightly Negative
The restaurant decoration is somewhat austere but it is ok.,0.0,0.763,0.237,0.4215,Slightly Positive
"Service is average, nice people but long and not very professional.",0.0,0.84,0.16,0.2263,Slightly Positive
Fortunately the meals were great and the wine list well documented even if prices were rather high.,0.0,0.708,0.292,0.7351,Positive
"All togather, a good experience that could have been great with better care of the customer. This is supposed to be a luxury place and the bill is according to it but the service is closer to mass customer fast-food



756. My family had an enjoyable dinner here. The lobster bisque and salads were very good. We enjoyed the bread. The steaks were great. We had filets and ribeyes, cooked perfectly. The sides were great - creamed corn, mashed potatoes and spinach. The service was excellent. Well worth a return trip.



757. I arrived at 6:55 for 7pm reservations. At 7:20 I politely asked the hostess if it was going to be much longer, and her response was "" I don't know, maybe 30 minutes, I can't control how fast people eat"" FYI, I'm not a tourist, I'm from NYC and eat out often. The medium rare rib eye steak I ordered came out dry, tough and well done at 9pm. The rest of the side dishes were average, but I could have gone to a low-end chain restaurant for average food and saved a ridiculous amount of money. They completely ruined my families evening.



758. I went with my family to see the Rockettes and have dinner for a birthday/ christmas celebration. I made 6:45pm reservations over a month in advance. After the show we went to the restaurant (6:44pm). The hostess was dismissive, and said stand to my left I will call you when your table is ready. I asked how long (since my 9 year old was with me). Hostess answer: ""I don't know, when someone gets up."" We waited, we used the restroom, at 7pm, I asked ""do you have an estimate on our table? we have 6:45pm reservations"". Again her answer "" I don't know, could be 10 minutes, 35 minutes, I dont want to give you an estimate, as I don't want to be wrong. When people finish and get up."" What kind of answer is that? I understand they are near Rockefeller Center, and have a prime location. The place was packed,and many people were waiting for a table, but regardless of the location that is not how people should be treated, and reservations should be honored as to what time they were booked for, give or take a few minutes. We left (so never got to taste the food), and I was texted that my table was ready a half hour later, but to not give someone an estimate when you cannot seat them at their reservation time, and just say I dont know when a table is available is unacceptable. Needless to say, I will no longer be dining at a Landry establishment, even though I love a lot of their establishments for fine dining.



759. Traveled 3 hours into Manhattan from New Jersey on December 10, 2022 to see the Rockefeller Christmas Tree and have a nice dinner after at Del Frescos which I had 830 reservations for. I go to restaurant and I'm greeted by a security guard standing out front who tells me they had a problem in their kitchen this afternoon and had to shut the restaurant down. I asked why we weren't notified and his response was we had over 1300 reservations scheduled today. Not acceptable when you had plans to dine there for months. He then tells us to try and find another place to eat!! What a bunch of BS. Terrible customer service for not immediately notifying people ASAP. I guess the Health Department must have shut them down because he was so vague on the reason they had to close!! We were sent away and that was just to bad for us!!!!!



760. First off we didn't get our complimentary bread which I didn't realize came with the meal till we were leaving. We got the menu sampler for 2. The bacon appetizer was good but very spicy on some pieces others were sweet. Cesar salad was fine. Then we had the New York, filet, shrimp and lobster and that was all cooked perfectly and delicious. Mashed potatoes were okay my husband and I thought they tasted similar in flavor to like a clam chowder but not fishy if that makes sense and the creamed corn was good. The dessert butter cake and strawberry cheesecake were amazing, we took them to go because we were stuffed. I would go back just for those! Take home butter cake didn't come with ice cream. They were packed and super busy, so I am guessing that's why we didn't get bread. I also put on our reservation it was my birthday but doesn't seem like they do anything special for that which is fine! All this for 230 plus tip
Azalea Ristorante
ItalianVegetarian FriendlyVegan Options
4.5
761. We had a 6:00 pm reservation for a Saturday night and were seated immediately. The restaurant is huge by NYC standards and beautifully decorated. Our waiter was very attentive without being overly so. We ordered wine by the glass and I got the lasagna and my husband got the linguine vongole which is Manila clams, sweet corn and diced prawns in white wine. He loved this dish. My lasagne was plentiful and moist, not dry like some tend to be. The ambience was very nice. I highly recommend this beautiful restaurant.



762. We ate here on the first night of our trip to Manhattan. The food was very delicious. The staff was attentive and knowledgeable and the ambience was nice as well.



763. People here Avery very rude they are very cold hearted never again they are Thor the people you want to see in your dream vacation



764. Chose this restaurant based on its location next to the broadway show Wicked which is just steps away from Azalea. We got there early (4:30pm Sunday) and walked into an empty restaurant. About time we left, every table was taken.",0.051,0.781,0.168,0.9992,Very Positive
"Service was friendly, quick and efficient. The menu looked a little underwhelming at first but everything we ordered was delicious! For an appetizer we asked our waiter if the chef could split the mushroom risotto for us which was a main entree. They accommodated us with no issue. It was insanely good and I still think about that dish! For entrees, my friend ordered the strip loin steak and I ordered the branzino. Both were outstanding! We ended our meal with the pistachio cake which was surprisingly light, not too sweet and very good.



765. I reserved a pre-theatre dinner and was quickly seated. Our waiter attended to our drinks order immediately and described the evening's specials. We ordered the bruschetta which was fresh and perfectly prepared. My wife ordered the spaghetti Bolognese, and I had the evening's special of Italian sausage over penne pasta with a vodka cream sauce. The dishes were memorable and at a great price. I cannot recommend enough how wonderful the service and food were at an excellent location for the theatre.



766. The service was friendly and professional. Since the restaurant was not particularly busy at the time we visited, we were able to have a very leisurely meal. The appetizers and entrees were good and the prices reasonable. Good choice in the theater district.



767. Great service,amazing food and a wicked wickedtini before the show. Way to set the mood. Made for a great Sunday afternoon in NYC.



768. Azalea is easily my favorite restaurant I attended on my visit to NYC. I visited places that were more expensive than Azalea but far worse, though you'd think it'd be the opposite experience. The staff was efficient and our food arrived in a reasonable amount of time even though the place was packed. A great place to stop before or after a show! And served some of the best gelato I've ever had!



769. We had dinner here before a show, we chose the restaurant because the theatre was right next door making the location perfect. I'm so glad we did!",0.047,0.684,0.269,0.9987,Very Positive
"We shared a couple of different starters - calamari, burrata and carpaccio. My husband had the gnocci in a nice tomato sauce I had the mushroom risotto and was offerd the posibility to top it with some winter truffle that really topped it.",0.0,0.837,0.163,0.7184,Positive
For dessert I had the panna cotta with a nice vanilla taste.,0.0,0.763,0.237,0.4215,Slightly Positive
Service was generally friendly.,0.0,0.484,0.516,0.4939,Slightly Positive
Come warmer weather the terrasse will open up and it is wonderfull to sit there on a summers night.,0.0,0.885,0.115,0.296,Slightly Positive
"I will be back next time I am in New York!



777. Busy, pre-theatre dinner. The menu was smaller and pricier than we expected but everything tasted delicious, especially the risotto. Attentive and quick service was appreciated.



778. Really delicious food with wonderful service! The perfect place for a nice dinner before the theater! It was only about a block away from the Winter Garden Theater



779. These folks do not deserve to be in business. Their attitude to customers is appalling. Checked at the front desk if they could accommodate a gluten free guest. Confirmed they could. Drinks ordered and then the waiter confirms they are out of gluten free pasta. Fair enough. Mistakes happen. No apology and more importantly no interest in even trying to find an alternative solution. Condescending and arrogant attitude. We just left. This place has mixed reviews for good reason. Should have paid more attention to the trip advisor comments about bad attitudes of staff. Avoid



780. We dined pre show and ordered from the restaurant week menu. Everything was full of flavor and the ambiance of the restaurant was cozy and inviting. We loved everything about this restaurant, especially the tiramisu.
Saar Indian Bistro
IndianVegetarian FriendlyVegan Options
4.5
781. Were here for half an hour, very fast & nice service, beer served in chilled glass. We ordered chicken korma and spicy butter chicken. The meant was cooked in the perfect way, korma & butter gravy could be a little bit more intensive but still very tasty.



782. 5 Stars Really attractive eatery. Food was delicious and the service was excellent. Reasonably priced (for NYC). The chef used coconut milk to ensure my wife's dish was Vegan. Every one there friendly and attentive. Best meal yet in NYC



783. All the course we ordered were 5 stars. From the appetizer, to the entree and the naan. Don't be in a rush and come here, it takes time to make such great tasting food.



784. Roti was thick! Beetroot tikki is so sweet that you won't need a dessert. Paneer was as hard as rock! Service was poor. Food oily! Told the owner about the food, he was least bothered! Avoid this place.



785. We had reservations and that's recommended. The service was great and our server was genuine and a delight. She recommended some great starters. We had a party of four and ordered three entrees to share and one vegetarian for one person in our group. The food was so wonderful. The garlic naan was preferred to the regular naan but both were also great.



786. Saar is a midtown Indian with an inventive menu, delicious food, and an excellent location for a pre-theater or post-theater dinner or lunch. Compared to other NYC Indian restaurants, its menu is a bit limited - no onion bhaji, chicken tikka masala or lamb vindaloo - but it makes up for that with great flavor. We had the ragda chat and prawn balchao appetizers, and the latter was truly spectacular, one of the best Indian dishes I've had anywhere in the world. For entrees, I couldn't resist the butter chicken, and my wife had the lamb kebabs appetizer.



787. The Quality and service of SAAR Team was excellent and I enjoyed the same. Further Divya was very helpful and catering to the requirement of all the customers. Kudos of SAAR for providing authentic Indian Food !!



788. Awesome experience! Food was very tasty and drinks were great! Highly recommend giving it a try! Great customer service!



789. The food was excellent. Service was very good. Loved the butter chicken and Malai Kofta. Nans were delicious. Recommend it



790. The service was first class and the cuisine was the best Indian food I have had in the States. I recommend the Delhi Ka Butter Chicken!



791. We stopped by Saar after matinee performance in December 2022. The food was quite tasty with a nice presentation but there was nothing extraordinary to justify a steep price tag. The selection was limited as well. Overall, the expectations based on reviews and prices were high but we got ""just ok"" Indian food.",0.051,0.656,0.292,0.9997,Very Positive
"The service was unremarkable. Food was served quickly but the waiter couldn't suggest the best dishes and we got a regular naan instead of garlic naan we ordered.



792. I've been here a couple times. This place serves really great Indian food in a lovely space. Friendly staff, reasonable pricing. I did a lunch prix fix (two courses) for 25$. The theater district can be tough to navigate with all the chains, but this place is a little gem in that neighborhood. I'll be back.



793. The food was purely delicious, cozy atmosphere, nice and relaxing music, calming lighting, excellent service. We are only for five days in NY but we are coming back!



794. Good location for Broadway theater shows. Authentic and somewhat creative Indian cuisine. Good service and pleasant atmosphere.



795. Chose this retaurant because of its high ratings. We were not disappointed. Delicious food albeit too much food, so next time we will order less. Every dish was beautifully flavored and delicious



796. Great options for both vegan and gluten free diets. Mushroom risotto was to die for, as was chaat appetizer. Delicious wine selection.



797. Perfect place with cozy atmosphere and very clean. Food is extremely good, taste. Staff very good, always ready to advise



798. Everyone who works here is so friendly and helpful and the food is outstanding. We were a group of 6 and even were privileged to meet Chef/Owner Hemant Mathur which topped an already fantastic evening. The food is out of this world with lovely flavours, tender meats and even very creative desserts. If you love a modern take on Indian food which remains true to it's roots you have to go here. Don't miss it!!



799. Nice food friendly staff that guide you through the menu whilst making your choice and the food was excellent



800. What an amazing restaurant, just a stone's throw from Times Square. Beautiful decor and a vibrant buzz, with the most friendly, attentive team of staff. Our waiter was so lovely and made us feel very special and cared for. Wine and gins were beautiful and the food ... absolute PERFECTION. Such gorgeous",0.022,0.568,0.409,0.9997,Very Positive
"flavours. We had the samosas, lamb rogan, paneer and the butter chicken ... all simply amazing. They even surprised my daughter with a gorgeous cake for her birthday. 10/10 - would highly recommend this wonderful restaurant.
Natsumi
JapaneseSushiAsian
4.5
801. Excellent Asian food and beer. The service, however, is slow and foreign credit cards are not accepted. Remember to bring cash.



802. Sushi is average, nothing to write home about. Considering it's in a touristic spot, don't expect quality ingredients here. If you tasted delicious rolls before, you'll know this is nothing comparable. Service was ok-ish, but again nothing impressing. Even tough we did not leave a signature for the tip, this was taken from our card, which is not ok.



803. Outstanding! Sushi fresh! Seaweed salad fantastic. Excellent service. Quiet. One of the best Japanese dinner experiences ever.



804. Nice atmosphere, but poor service. The staff is in a hurry to leave, does not offer a dessert or a coffee and brings you the bill before you ask for it !!! I advise against...



805. Perfect pre-fixe pre-theatre menu. The menu provides a good sampling of the Natsumi menu and a variety of typical sushi/Japanese foods. The three course pre-fixe menu was well paced and executed. The salmon roll was flavorful. We also added a tempura shrimp roll which was also delicious. For the main course we both had the shrimp and salmon teriyaki. The salmon was grilled and a little over done but still delicious. The teriyaki sauce was well balanced between sweet and not too salty. For dessert we had the tempura cheesecake and chocolate mousse. The cheesecake had the flavor of a cheese blintz with the nutty and crispy panko breading balancing the sweetness. The chocolate mousse was well executed. Bittersweet mousse with a flourless torte like crust.",0.049,0.717,0.234,0.9965,Very Positive
"Overall, well done and delicious and easy to get in and out of for theatre.



806. So good we loved it, me and my hubbs had a date night here last month and we promised to come back everything was so fresh and the prices were not killer, coming back asap.



807. This place was a great stop for sushi with very reasonable prices. Generous portions and delicious rolls. The drinks were also really amazing. But I only give them 4 stars because service was lacking and it seemed to take forever for a person to ask us if we wanted anything. If the service would have been on par then they get all my stars.



808. The food was excellent, fresh and good value for a platter of sushi .. the waiter tried to up sell a plate when it arrived it was far too much and we said no way not for us .. the manager gladly took it away and lesson learnt by us for sure .. it did smell of burning cooking oil but the quality of the sushi made up for it



809. This restaurant is next to our CitizenM hotel and steps away from the Winter Garden Theatre. Service was quick and the food very tasty and good. Small restaurant and can fill up fast and get busy.



810. Have been invited to this restaurant as a business guest having been given the idea that it is one of the top japanese restaurants in NYK. Our first impression was very good as staff were very friendly and prompt. They also have a nice bar on the other side. Main restaurant area was a bit 'cramped' in space and there was an apparent smell of fried food in the air (which unfortunately remained on our clothes well after we left). Food came astonishingly fast and very well presented - however taste was not reminishent of real japanese food. Even the soy sauce felt 'fusioned'-thick sweet. I have only tried sushi dishes. An overall, average experience.



811. Pre-Christmas dinner for three. We split several apps and sashimi bites. The Japanese fried chicken was overcooked, dry and pretty tasteless. Sashimi items (yellowtail toro, tuna, scallop) were excellent. Rock shrimp tempura app was equally good. Looking at my receipt and comparing it to the menu on Natsumi's website, however, I see that we were charged higher prices in every case. What's up with that?",0.021,0.771,0.208,0.998,Very Positive
"Service was a bit scattered. Some items came quickly; others took far too long. The original plan wasn't to split apps, but when one person is served and the others have to wait 15 minutes, splitting is the obvious solution to the service issue.



812. We wanted a convenient spot for a quick pre-theater meal. This place was perfect. Very close to the theater and easy to have a quick meal. The food was very good. Mostly sushi. Fish was fresh and prepared properly.



813. I was working alone in NYC and wanted to eat somewhere that wouldn't be awkward solo. The place had a chill, darker, evening vibe where I felt comfortable to eat on my own. Good mid-ranged price sushi.



814. This restaurant is a hidden gem!! I come here all the time and when I can't come, I deliver! The sushi is fresh. They have great lunch specials. They have incredible appetizers like Shumai, edamame, and dumplings. They have wine and beer happy hours. Most importantly right now though, you can order through yelp and grub hub during covid 19 crisis!! I love coming here for lunch, dine in and happy hour and delivery and wanted the world to know :) enjoy folks!! Support local and eat delicious food at home



815. Stayed at hotel beside this bar. Was handy maybe to handy. Staff very friendly and welcoming. You can get food in it as well.



816. Best diner with family ..... food is excellent, service is great , cocktails very refreshing...... can't go wrong at theater districts.



817. Stayed at the hotel here and used the bar a couple of times after a day out in the city . Cool bar with what seemed like a lot of well heels locals using it . Then one night after a show we arrived late and were welcomed to our seats . Food was out of this world and all the plates arriving around us also looked fantastic. Really nice atmosphere in the restaurant and staff very helpful. The carpaccio of tuna was a highlight and melted in the mouth. Would definitely revisit. Put this in your list of places to eat.



818. My daughter and myself visited here last summer, and it was the best sushi I have ever had, would recommend without hesitation



819. Great pre-theater dinner spot! Quick service and fresh sushi. The tables are in close proximity with each other and offers an opportunity for one to strike up a conversation with fellow diners.



820. We chose this place for a family dinner for five. Reservations were at 6pm on a Friday and it was already packed. Service was so-so, we had to chase down our waiter for utensils and condiments after the food arrived. The food itself was tasty, especially the sashimi and the tartufoes with matcha and taro ice creams. The Italian influences on the menu were odd, such as green tea gnocchi and mozzarella, pesto, peanut sauce spring rolls. We would have ordered the spring rolls if they had more traditional ingredients.
Connolly's Pub & Restaurant
AmericanIrishBar
4.5
821. Meh/ok. We had nachos for an appetizer. They were ok, The meat tasted like Taco Bell meat, not the chopped meat you normally get at non-fast food restaurants. I had shepherd's pie. It had the same meat. I could not even eat it. The mashed potatoes tasted like powdered mashed potatoes. My husband said his food was also ok, but overcooked. The staff was very attentive and the restaurant was clean, but because of the food, I would not recommend this restaurant nor return. There are many other good options in the same price range nearby.



822. We decided to eat here because it was just 3 doors down from our hotel Hyatt Centric. We just wanted something to eat in the night we arrived in NYC, and we didn't expect anything in particular.",0.018,0.733,0.249,0.9996,Very Positive
"But wow, our dinner was great! My wife had a salad and French onion soup, I had a chicken curry rice dish. Excellent! I did not expect that.",0.0,0.56,0.44,0.9611,Very Positive
"It was so good we went back two days later for breakfast. Again, the food was fantastic.",0.0,0.671,0.329,0.8096,Very Positive
"Loved it!



823. Love this place! I was fortunate to be staying a couple doors down and dined here for multiple meals during my stay. They have multiple employees who are literally from Ireland and speak with the iconic Irish brogue. They support Irish immigrants with work visas, which keeps it authentic. They serve breakfast, lunch, dinner, late-night snacks, and have 40+ beers on tap like any authentic Irish pub. Highly recommend. A+



824. It's a pub, so the drinks are good. It has a proper (nice) old school, traditional Irish Pub ambiance. The food were average. The Fish and Chips dish was decent, but the burger (pictured) was forgettable. I ordered medium rare and it came medium, understandably flavor was dropped by half. Service was fine and efficient. Prices were reasonable.",0.0,0.849,0.151,0.9511,Very Positive
"This may not be the place you have to put on your bucket list, but if you happen to be in Times Square and want a place to hangout for food and drinks, this can be an option.



825. The food is not very good. The crab cakes, and onion soup were not yummy. The pretzel sticks were ok. It is a bit loud inside.



826. We where in NYC pub who is located to 47 street. There was very nice atmosphere and bartenders where very nice. We enjoyed that evening.



827. Great place even during the week to have drinks. Really nice service and good atmosphere. You can ask the Batman Barry to make you something special or just order from the coctail menu.



828. A bartender in the Times Square area recommended this Irish Pub since our favorite pub closed during the pandemic. We enjoyed the loaded potato skins. Even though we didn't finish them, we couldn't finish our fish and chips and shepherds pie, which were healthy portions and served hot. Our server was very friendly. We will definitely be back when we visit NYC.



829. The Irish burger was better than the one I had in Dublin. Excellent service and food. Friendly staff.



830. Dropped in for a quick lunch. Ordered the Tuscan vegetables soup and the Ribeye. Soup was delicious. Steak was very aveeage. I asked for the temperature to me medium because that normally means medium rare. What I got was medium well that was tough. The butter was just dumped in cold pats as an afterthought. Staff is indifferent. This place should be worried because both the neighbors have more attentive staff and better food. Pity.



831. Very welcoming and friendly staff. Very reasonable prices for such a centrally located pub in Times Square. Open until very late so was great to be able to go back for a drink and bite to eat after watching a show on Broadway. Huge range of drinks on offer.



832. We had a couple of dinners and a breakfast here while in NYC, classic NY Irish pub, great food and wonderful experience. The Tele's all around are also great if you like sport, I enjoyed watching the Masters while eating fries and drinking a local pint. Very family friendly and accommodating to the kids requests. Food was tasty and service was very quick. Would recommend it to anyone wanted a meal just off Times Square.



833. We lucked out on this Irish pub! Busy, buzzing and excellent food! Besides Irish fare it offers soups, salads and various American entrees. Extensive bar options if not for the wine connoisseur 



834. Very busy Thursday night in March,we had a reservation, but people were managing to get a table as a walk in.",0.042,0.714,0.245,0.9991,Very Positive
Service was quick and food and drink were good.,0.0,0.734,0.266,0.4404,Slightly Positive
Very noisy so if you don't like it Lound it might not be the place for you.,0.215,0.785,0.0,-0.4772,Slightly Negative
"The atmosphere was great.



835. I love a good pub, and this one was awesome! These are some of the things we ordered. Pretzel appetizer, shepherds, pie, bangers and mash, tasty, shrimp dish.",0.0,0.634,0.366,0.9485,Very Positive
We stopped for dinner here while out around Times Square. Prices were pretty much in line with all the other times square eateries.,0.073,0.805,0.123,0.3182,Slightly Positive
"Atmosphere was great a lot of beautiful wood and the bathrooms were clean. We would definitely come back for another meal went in NYC.



836. So we had dinner here the day after St. Patrick's day . We were told they were so busy on Pats day they may be out of some things but they had what we ordered . Started with a couple of beers and really enjoyed the Guinness . I had the Irish beef stew , and while it was enjoyable there were about six bites of beef , the rest being potatoes . For a main course at a pub , that was very disappointing . I left hungry as we did not have any appetizers because none seemed appealing to us as we are staying away from fried food . My wife really enjoyed the turkey burger and fries . We will be back and try other entrees



837. Great place to visit,we were made to feel welcome the minute we stepped inside,staff great,food we had was superb,would definitely recommend and we will be in next time we're back in New York



838. Excellent Bar, we stayed at the Riu Plaza Times Square and found this pub after a day's sightseeing so had a few beers, returned the next night for meals which were great and more drinks. Pleasant staff and a great location. Will be going back for sure on our next visit.



839. Stay away !! The rudest staff I have ever come across Just don't bother going there There are loads of other places in area and they are a hundred times better Who needs to pay good money to ignorant rude idiots like these



840. Great place, excellent and very friendly service. I had a burger and a cider and they were both really good, not too pricy for the location. Would really recommend for a quick bite.
Friedmans
AmericanVegetarian FriendlyVegan Options
4.0
841. Really great experience from start to finish. We unknowingly arrived about 10 minutes before food and beverage service finished (9pm on Sunday) but never felt rushed or under pressure. Our waiter (didn't get his name but he was from Philadelphia!) was very helpful and engaging throughout with a really pleasant attitude. Huge selection of GF options including pancakes and bread for sandwiches which was fab. Standard NY pricing and delicious food. Will probly go back again before we leave. Highly recommended.



842. Great amount of gluten free choices and food was very good. Service was fast and ideal for pre-theatre dining



843. Petralina waited on us and was amazing... all suggested meal/ wines were on point ... pleasant atmosphere with awesome service !!!! It was Gluten-Free and a lot of food!!!



844. I used the $5 breakfast voucher included with my stay at hotel Edison and ordered the french toast and orange juice. It was a shotglass sized juice, and three slices of French toast. For $5 it was worth it, but if I had paid regular menu price I would've been disappointed. The staff seemed very interested in getting the table turned over as fast as possible which made me feel uncomfortable.



845. Gluten free pancakes to die for! Very worth a visit if you are coeliac as so much of the menu is GF Rest of my family had non gf items and these were also excellent



846. Diner-type menu. Everything we had was very good. One of the better vegan burgers I have had. I wish the singers' mikes were not so loud, though.



847. If you require GF go and go often. Skip the cocktails they were weird (no liquor so they had creative options). Waitstaff not super attentive and menu limited but finding GF in the city was not easy and this was a welcome change.



848. We went to this restaurant, having it highly recommended. The food, to be fair, was very good, but the service and the staff were horrific. Rude, patronising, not interested. Could not believe it. I honestly have never eaten in a place with such poor service. Removed dishes before they had been finished, refused to serve us because they wanted to sing. The list is endless. Avoid at all costs.



849. Good egg dishes and salads and sandwiches, too. Service was fast and friendly, we lingered awhile without feeling rushed out the door. Prices are high but it's Times Square



850. I ordered lunch for an office a few hours ahead of time for 16 people and at the last minute I was informed the entire order was cancelled due to an error on their part. I had to then find another spot for lunch for 16 ppl. Unacceptable.



851. An old-fashioned diner a stone's throw from the theater district. The food is wonderful and so is the atmosphere. It has that old-fashioned charm (Sinatra was playing over the PA) without being hokey or Disney-fied. The staff was great, the restaurant itself is immaculate, and breakfast was just superb.



852. Food and service were very good. The breakfast was complimentary with a $5 seating charge, well worth it!



853. The service was very good, my server was very attentive. The food was great and the quality of the ingredients was excellent. This is a great breakfast spot.



854. Loved that it is inside Hotel Edison, we had the spiked rum cider and it was the best! Great happy hour!



855. Included with our room at the Hotel Edison for $5, It was good place for breakfast to start the day.



856. We had lovely breakfasts and an evening meal here , great gluten free options and staff are lovely :)



857. Friedman's was an excellent choice for Christmas brunch. The food was delicious and the service was fantastic!!!



858. Nice, not a huge wait at a busy time of year. Had a pretty impressive array of gluten free options for breakfast including pancakes, which is unusual.



859. Very basic breakfast cooking with very little attention to service. For $5 ++ you can choose from around 5 different options if you have breakfast included in your Hotel Edison Stay. All very basic.



860. Freidman's has a small but tasty menu. The drinks are well crafted and delicious. We LOVED Gayle's Broadway Rose. Such fun!
Aureole at Home
AmericanVegetarian FriendlyVegan Options
4.0
861. Food was at best 'ordinary' we expected way more with their prices.",0.059,0.659,0.282,0.9999,Very Positive
The thing that annoyed me most was that I definitely didn't enjoy the food and that's what I was there for.,0.216,0.661,0.123,-0.3103,Slightly Negative
"I thought that a restaurant with Michelin stars was awarded the rating for their food , I was wrong.",0.165,0.691,0.144,-0.1027,Slightly Negative
I left remarks similar to this review at the restaurant site and was left a return comment that the food was 'sub' par because we didn't attend the main restaurant ?,0.0,1.0,0.0,0.0,Neutral
Indeed we did attend the main restaurant and chose options from the main menu.,0.0,1.0,0.0,0.0,Neutral
Don' waste your money chasing the Michelin star experience here you won't receive it.,0.177,0.823,0.0,-0.4215,Slightly Negative
"Just an honest review.



862. We've celebrated my partner's 30th birthday in New York and we've chosen Aureole for our last dinner. Have to say it was a perfect experience from the first second as we walked in until we left. The staff is very knowledgeable and helpful. The sommelier's wine recommendation was perfect with the tasting menu, he pointed the wine what we exactly wanted. Paco our waiter was very polite, explained every dish very well and also added an extra course for our dinner. Angie (sorry if I spell it wrong) was also amazing and helpful. Every course was perfectly made and I have to say we had the best steak ever!!! Melted in my mouth, tasty and tender, just perfect. And the dessert was the cherry on top, ice cream wrapped in brownie and cereal, deep fried with gold leaf on top. I wish we could visit NY more often! Thank you for the unforgettable birthday dinner, you guys made our night very special! We will be back!



863. First class food with excellent service Dover sole and duck breast cooked to perfection. Foie gras splendid and octopus was a tender delight. This on a busy Saturday evening. Very nice busy ambience, very enjoyable evening.



864. My wife and I made a 6:00 p.m. reservation and arrived promptly. Unfortunately, the manager, Enrique, told us it would take 20 minutes to be seated because others were finishing. After 30 minutes passed, he continued to tell us a table would be free shortly. Finally, at 6:40, we had to pull the plug and race across the street to rush through a meal at Charlie Palmers because it was clear we weren't going to get a table any time soon at Aureole. Other customers were in the same situation, including a couple that had made a reservation for 5:45 and was still waiting after nearly an hour.",0.007,0.773,0.22,0.9974,Very Positive
"We barely made it to our Broadway show on time. Aureole's lack of organization and the manager's lack of honesty made for an extremely stressful dining experience. Next time I'll go someplace with less name cache and more reliable service.



865. This place has slipped from what it's reputation once was. The quality of the fish was bad. In NYC, you can find good fish at Avra, Esca, and Tanoshi Sushi. The fish at Aureole had that second day fishy smell. The preparation of the fish was uninspired. I may have had better halibut at a junior high school cafeteria.



866. Aureole is ideally located just around the corner from the New Year's ball-dropping area of Times Square and therefore so close to the Theater District. Subway, buses and Grand Central Terminal are all within a ten-minute walk--parking would be a challenge and expensive. Not an outdoor restaurant but inside an exquisite motif featuring an above-floor wine room display over the bar. We were seated in the rear of the restaurant where our corner booth allowed us a view of the floor. Our server Otilia was great in getting us situated and inquiring whether we had a Broadway show to attend that evening (we did); she promised us we would be out in time to make it to the theater (we did!). We took advantage of the Restaurant Week: I ordered the marinated octopus, croquet and steak with dessert and added a wine pairing for each course. Everything was better than expected, served on time at the right temperature and without a rush so that we enjoyed our meal and conversation. Aureole is worth keeping on the list of favorite eateries!



867. The food was ok, but small things like the water served where bad (lots of chlorine taset) that should not be I'm a Restorant of this price and quality



868. Had a good dinner overall. But I wish there were more plant based options in the entree section. The appetizers were fantastic and the chef came up with a great vegetarian alternative, a pasta Primavera. Overall cost was significant. Service was OK but I had to call the server once to get them to take the order and two to Follow up and find out where our food was between courses. It seemed to me to there was a lack of attention and maybe the kitchen was busier than expected overall meal took close to 2.5hrs which seemed longer than expected.



869. However, when we returned this year to celebrate our 39th anniversary, we were disappointed that nothing special was done for us. Last year they really treated us so well, we chose to come back again. Although our dinner was excellent, we will not return for special occasions.



870. I went for a business lunch and was very happy with food and ambiance of this place. The service was excellent! And nothing beats its location in the heart of the city.



871. This is a fabulous restaurant. The food was excellent as well as the service. We both had the Christmas specials and were delighted with what we got. It's expensive but worthwhile. The atmosphere was great for spending time with your dinner date



872. Went to liberty room (they haven2 sides) before going to theater. The food was incredible. We all had Dover sole and it was fantastic. We had a chocolate peanut dessert that was heavenly. Service was superb. Highly recommend this restaurant for a special time. Will definitely go back.



873. We had lunch the day before Christmas. The restaurant was very busy, but our server was excellent. He was extremely kind and very attentive. The Cacio e Pepe was perfectly prepared. The wine list is extensive and reasonably priced. This was our first visit, but will not be our last.



874. The food here is amazing, the combinations innovative, and the service professional, but warm. We met Chef Chris, who is obviously a top-notch chef, but also friendly and informative. The sommelier's wine choices were outstanding. It is not inexpensive, but is still a good value. We'll be back next month.



875. I was in NYC with my extended family and we decided to go to Aureole for dinner one night to celebrate a family event. The atmosphere was warm and cozy and the host and servers were friendly and nice.



876. This place was just alright. Has a weird menu, it's in a very busy location by Times Square, and the service was slow. It's of course pricey because it's Manhattan and a little extra pricey because of this location.



877. There are two dining room options - we booked well ahead for the slightly more formal Dining Room - elegant, with lots of space between tables. Our waiter and sommelier were friendly, knowledgeable and very service orientated. They had terrific food and wine suggestions. They asked if we wanted to accelerate service for a pre-theatre dinner, but were equally happy to accommodate our preference for a longer and more romantic fine dining experience. Really good quality main ingredients, well -balanced by the sides - all fresh, perfectly cooked and well-presented. We were treated to a complimentary extra pudding. Excellent wine too. A fabulous night. We are real foodies and would probably score our experience at Aureole's in our all-time top ten. We also thought that the price was reasonable given the location.



878. The service was very attentive. The room was nice, with spacing between tables that enable discussion. Menu was diverse but very expensive.



879. Our experience here was horrible. First, let me start by saying the inside decor is DATED. Up-class dining? It was a stuffy and boring. Next, the service was horrible. Not to mention I could barely understand our waiter, he took our order and disappeared (actually, I saw him answering 100 questions from a drunk woman at another table). He didn't come back to ask us how our food was. He didn't ask if we needed more water or wine. We asked some other random person for our check. Lastly, the people who eat here are high maintenance and stuffy. Like, I said, there was a drunk woman to my left asking every single question she could possibly think of loud as hell. To my right was another woman complaining she was going to miss her broadway show and making a complete spectacle of it and demanding a free dinner. Hey, I want a free dinner too for having to listen to her complain while I am trying to enjoy my food. I will say the food was good.....but is it worth all these extra stress? Hell no.



880. Aureole is a haven from the more down market eateries of 42nd Street. Excellent food - we had foie gras, butternut veloute, Brussels salad, and squash ravioli to die for. All desserts were divine. Excellent service once we got our wine by the glass - that took a while. We forgive them.
R Lounge at Two Times Square
AmericanBarVegetarian Friendly
4.0
881. What a view over time square - we were lucky enough to get a window seat and it was great to eat and take in the views over time square. Food was good, although a little pricey for what it was - but you are paying for the views and experience. Service was great and all staff very friendly. I was a bit worried given some of the reviews - but so glad We went.



882. Best view of Times Square hands down. I love this place. It's such an exciting place to be. The restaurant isn't over the top, but the food is good and interesting and the view is great. I can't believe it isn't packed at all times. I think it's our secret spot. The value for cost is also good, imo.



883. Best Time Square view, but restaurant does not have a Renaissance style.",0.055,0.704,0.241,0.9999,Very Positive
We did not understand so few people until the service began.,0.0,1.0,0.0,0.0,Neutral
"Not kind, slow, hot wine...",0.41,0.59,0.0,-0.4168,Slightly Negative
So we understood why it was not full.,0.0,1.0,0.0,0.0,Neutral
"Ok, it sells itself, photos were great, but just it.



884. Dinner was fantasic. Couldn't recommend Alex and Ralphie more- so knowledgeable about drinks and the menu. Their hospitality experience was beyond. Great views and overall wonderful night with my wife!



885. Visited R lounge last night. We are staying at the Renaissance and after a long day decided just to go to the hotel bar for a drink and snack before bed.",0.032,0.785,0.183,0.9257,Very Positive
Had the charcuterie board which was just enough (we'd had a big late lunch) and food was really delicious.,0.0,0.81,0.19,0.6115,Positive
"Our server, Marlene was so welcoming and made a point to have a chat to our 10 year old which we really appreciated as kids can quite often be ignored in bars. She was a lovely host and really on the ball.",0.053,0.719,0.229,0.8615,Very Positive
"Will be back in again during this week no doubt!



886. WOW what a view! It was a great spot in the morning to have breakfast and watch the city get moving. In the evenings the atmosphere changed and the crowds in time square grew. Best view around!



887. Had a reservation for Wednesday at 5:30 PM. Man called me the day before and stated that my reservation was for Tuesday and could not be on Wednesday's because they are closed. Checked website, co firmed that they are open. Called back, man said they are closed for construction. Spoke to manager and confirmed, they are not closed for construction but rather they have a pop up event and my reservation was canceled. This restaurant lacks integrity and if they have no integrity, I would not trust them with making food for me and my family.



888. Been trying to book a table here for over two months, they don't appear to have an email address so I've had to phone from the uk, staying up late due to the time difference and costing me a small fortune. I've phoned at least ten times and still haven't managed to get a booking. The first time I was told I was too early to book and to phone back the week that I would like the booking, I explained it was for a table of 14 and for our wedding meal so I didn't feel comfortable leaving it that late. I noticed online that tables of up to 4 were able to book a month in advance so I phoned again. In the following phone calls, when their phone was actually turned on during opening hours and not on voicemail (also left my details several times on voicemail for someone to get back to me with no reply) I was told I had to speak to the manager to book a table but they didn't know where she was, another phone call I did get to speak to a manager who told me their system was down but took my details and she would email me the next day...still waiting 3 weeks later.",0.046,0.903,0.051,0.4632,Slightly Positive
"And now I've phoned a week before the date and guess what they've no space!! And now our choices are limited because I've wasted my time on this poorly managed venue!! Annoyed at myself for putting my time into it but it looks so nice but even more annoyed at the total disregard of someone's wedding day plans. If this is what it's like trying to get booked I can't imagine the customer service inside is much better.



889. The R Lounge is all about the atmosphere. Go for the view and the photo opp but save your money to eat somewhere else. Drinks are fine, but food is very limited. The menu has only a handful of options: a salad, a burger, some bar food appetizer options. Not at all what I was expecting, which was fine dining, so that was disappointing. We shared an overpriced cheeseboard. But if you eat somewhere else and go here just to hang out, take pics and have a drink then its a great environment to meet up with friends. We had late 9pm reservations and the waiters we had were not friendly. They closed at 10pm, which I thought was odd if they are a bar more than restaurant.



890. Perfect view of Times Square. We visited for an evening meal, three teenagers and parents, got great seats at the window. The waiter recommended Shirley Temple drinks for the kids and adults had a beer. Food was snack type bar food and we were happy with that, not very big portions but enough for us.. Overall we enjoyed our visit, Really you come here for the view. For Manhattan it was average prices.. $10 for a can of IPA.. about $20 for a cheese and ham toastie..



891. Amazing atmosphere! Enough noise to not be overhead by others but quiet enough to have good conversations. They have smaller places to be secluded and the big lounge room has several tables that are spread out. If you want a window seat, be sure to request it in your reservation and remind them when you arrive.



892. The title sums up my impression of R Lounge. It's literally perched above the energy and chaos of Time Square. Nice selection of unique cocktails and decent selection of menu items to eat. The burgers are quite good. But, given all the excellent dining options in the theater district, one doesn't go to the R Lounge for Michelin star dining. You go to R Lounge for the fantastic views and the cool atmosphere. Wait staff is incredibly busy, but very attentive. Recommend you make a reservation if you want to secure a window seat. I did and we were seated promptly with a killer view. Definitely worth it.



893. Perfectly placed in the middle of Time Square, food was excellent and ambiance was on point. This is a well kept secret of a view in Time Square....



894. Last minute reservations were made and I brought 6 ladies here for dinner. The views from the dining room are spectacular. R Lounge comfortably immersed us in Times Square while providing excellent dinner service and delicious food. Everyone was very impressed! Thank you R Lounge. Wish I could be in your dining room on NYE!



895. We got a same day reservation - great table and even better view. Good food, service, and drinks for pre-theater!



896. Although this was not the largest of lounges it was not over busy considering the views it had over Times Square and that we were there at a weekend. So, even having been seated in middle we still able to appreciate the outlook while enjoying our drinks.",0.051,0.716,0.234,0.9993,Very Positive
The waiter was eager for us to order and initially did not seem too pleased that we did not want to do so right away.,0.129,0.782,0.089,-0.033,Neutral
The food menu is not extensive but we were aware of this and it did suit our needs however it was disappointing that when we did order the food did not arrive all together.,0.115,0.885,0.0,-0.6486,Negative
"We were determined this would not spoil our evening and enjoyed another drink while relaxing after a busy day taking in the sights.



897. A really nice attention ! Prices are good and the view is absolutley amazing.",0.0,0.604,0.396,0.9583,Very Positive
Also the food is good,0.0,0.58,0.42,0.4404,Slightly Positive
"it took a little while to bring the drinks, but in general was a very nice service.",0.0,0.772,0.228,0.6297,Positive
"Got the steak frites and it was ok. Frites was really good, steak was slightly chewy.",0.0,0.722,0.278,0.659,Positive
"Dinner was ok - I got a glass of wine that was either tainted or just had been open for too long. Was to too tired to complain.



912. Enjoyed a weeknight dinner; one of their fabulous salads (split among three of us) and the moules frites. All very good and the service was fine with one tiny ding for whisking plates away as soon as each of us finished (I mean honestly while I was still enjoying my last bite!), leaving the slowest eater feeling uncomfortable and rushed. I'd go again!



913. My family and I have been to Davids several times. We went for dinner around 3 weeks ago or so. I ordered the Steak Tartare. It was PERFECT. We had red wine and the family enjoyed other dishes. All round it was raves. The same when we go for Brunch over the weekends -it is my favorite place to go because we always manage to get a table, the sevice is great and the food/drinks are wonderful.



914. I would give David's a 4.5 if I could. I've been walking by it for days and finally had the time and the appetite to go in. I had the Burger Queen Deluxe and the highest compliment I can pay it is that it reminded me of the Bob's Big Boy combo, one of the high points of burger history. Juicy and delicious, it's just a great burger. Service is friendly, fast, and unobtrusive.



915. David's Cafe is very well located in the East Village. Food and drinks are great. Staff is super friendly and very efficient. I highly recommend the Burger Queen Deluxe ! Delicious and well priced ! I will definitely come back !



916. My group of 7 friends made a reservation. Naturally ran late, but a majority of us arrived (4) and asked if we could be seated. The place wasn't packed, and there were 2 places we could have been seated. They didn't want to place us because then they may have to kick us out if we aren't done yet, was their rationale for making us wait. After a prod they seated us but not after a VERY long explanation about why they were doing this that was condescending and dismissive.



917. This cafe was quiet when we arrived but it was 3pm and they had big group coming in later for dinner.We had the special of the day and the burger was excellent as was the salad dressing and French fries.It had a quiet relaxed atmosphere and I would recommend if in the East Village.



918. Nice informal restaurant in the heart of East Village. Two of us had the Burger Queen Deluxe as Gluten-free. One had Classic French onion soup. Superbly done all round. Good friendly service. (Not absolutely fantastic, but very good). Prices are not outrageous. Worth a visit.



919. I would Highly recommend David's cafe! The crab cakes and salmon Benedict were delicious and very well served!



920. I just called to see if it was possible to change my reservation this evening and was rudely spoken to by a man. As I repeated myself and the request he yelled at me telling me to stop and that he was going to cancel my reservation and promptly hung up. For literally no reason.",0.037,0.784,0.178,0.9976,Very Positive
"I called back to get his name and was surprised to hear he was one of the owners, Danny. I can't imagine treating a customer in that way especially if it was MY own business.",0.0,0.942,0.058,0.2263,Slightly Positive
"I have been here before and the food is good, however I prefer to be treated in a kinder fashion. Ill take my money and my friends down the street.
The Counter
AmericanVegetarian FriendlyVegan Options
4.5
921. We had dinner at The Counter around 5:30pm on a Monday evening. The restaurant wasn't crowded, we were seated right away, and the server was friendly and attentive. They had a nice selection of burgers on the menu, as well as a ""build your own"" option which had a wide range of choices. The staff was all wearing shirts with the slogan ""a burger for every lifestyle"" and that certainly seemed to be the case, as they have beef, turkey, vegetarian and vegan options. We both built our own burgers, and ordered a side of sweet potato fries. The food was ready quickly and tasted fantastic. We had a great experience here and would definitely go back again!



922. Our planned restaurant was full so we decided to try this one as it was quiet.",0.015,0.795,0.19,0.985,Very Positive
"The food was quite good and service was fine however they were dearer than other places and I'm not sure it was worth the extra. Decidedly average with high prices.



923. Burgers were pretty good. Service was awful. Never brought our drinks (her only job since you write your own burger order down). When our food arrived we had to ask the food runner for our drinks. Waitress drops off drinks without a sorry or anything. Note: restaurant was maybe 30% full. Never saw her again till time for the bill.",0.048,0.784,0.168,0.8872,Very Positive
Bill comes and she has given herself an automatic 20% gratuity (on a two top). So I see why she had absolutely no,0.111,0.889,0.0,-0.3597,Slightly Negative
Food: Tried both the Carbonade Flamande (beef stew) and the Stoemp & Chipolata (sausage plate). Both were very good. Would have been nice to have some greens on the plates.,0.0,0.818,0.182,0.7178,Positive
"Service: Decent service, nice folks",0.0,0.588,0.412,0.4215,Slightly Positive
Ambiance: small European pub,0.0,1.0,0.0,0.0,Neutral
"Overall cleanliness: average



963. Great selection of beers. However, I thought the food (even the carbonade and the mussels) was a weak imitation of real Belgian cuisine. Very noisy in the bar area toward the front, but it's somewhat quieter toward the rear.



964. While it's branding itself as a Belgian meal and pub experience, we were just here for a beer later on in the evening. The bar itself is more or less typical Manhattan; long and narrow, and relatively small. Even late in the evening there were people ordering food, but we stuck to the beer, and had a fine experience.



965. My wife and I went for a late dinner (after seeing a taping of the Late Show). Full disclosure, we lived in Antwerp for 3 years, so we know our Belgian food and beer.",0.044,0.921,0.035,-0.0507,Slightly Negative
"Tons of great Belgian beer options; my wife had a Kriek and I had a Leffe. We both had mussels and fries; mine were Thailandese and hers were traditional Marinieres. We both got a HUGE pot and a lot of fries. The food was delicious. Server (Paul) was fast and friendly.



966. We went for a Monday night special of bottomless mussels with complimentary beers.",0.0,0.737,0.263,0.9578,Very Positive
There were a choice of traditional and cosmopolitan broths that the mussels were served in.,0.0,1.0,0.0,0.0,Neutral
"The mussels were world class dish (having eaten this specialty seafood dish in Paris, London and Australia)",0.0,1.0,0.0,0.0,Neutral
Bottomless meant we could try out a couple of different broths for fun.,0.0,0.769,0.231,0.5106,Positive
There were loads of warm bread and butter to complement the dish.,0.0,0.853,0.147,0.2263,Slightly Positive
"There is a timeless, Belgium Pub ambience in the decor and with Portraits of former Kings of Belgium.",0.0,1.0,0.0,0.0,Neutral
It is World FA Cup Final time so Guests both young and old could watch the latest Games on TV screens that did not detract from the dining experience as though accessible to watch were unobtrusive for those wishing just to dine and chat.,0.0,0.958,0.042,0.2263,Slightly Positive
"Candle-lit Tables with Service by friendly, dedicated Staff made it a unique dining experience to savour.



967. I don't know which was worse, the service or the food. French Onion soup consisted of bland dishwater with leftover bread slice so soggy you could hardly tell it was there, and tasteless onions. This is supposed to be a Belgian place so you'd assume they could at least do mussel well, but they don't. Broth had a weird taste and they use very cheap, rubbery mussels. The service was horrendous. Had to ask for my bread for the mussels three times. They never filled the water carafe. Had to beg for a menu to order a dessert. Really awful service. The ""Belgian"" meatballs were just Italian style meatballs only much, much harder and dense as a goofball.",0.083,0.864,0.053,-0.8054,Very Negative
"Seriously, find somewhere else to go before that show.



968. This is a great traditional pub and it feels like just sitting in Belgium while you're here! The place is much larger than it looks from outside and there lots of seating throughout. Naturally the choice of beers on the menu is extensive and it's the perfect place for beer lovers, or those looking for something a little more unique. The range of food dishes on offer is equally varied, with portion sizes good for the price and service being fast, for both food and drinks.",0.016,0.826,0.158,0.945,Very Positive
"Overall it's something different in the area and with the atmosphere and nice vibe inside somewhere I'd happily return!



969. We didn't eat here but we did stop off here for a nightcap on several nights on the way back to our hotel.",0.06,0.842,0.097,0.1759,Slightly Positive
"Good choice of beer - expensive, of course, this is Manhattan! But it's nice little bar and though we didn't try the food - it smelt amazing.



970. Fantastic service and delicious food and yes the french fries with mayonnaise are fantastic. I will be back to try the incredible Belgian beers on tap.



971. Staying at Casablanca or any area hotels or in for a day, good option. Great pub ambiance. Bar seating and tables. Great service. Nice selection of beers. We had hamburgers- very good. French Fries were not up to par, mushy. Times Square pricing. Will be back on our next trip. We were too early for all you can eat mussels on Sun. Next Time.



972. Before I went to New York, this is how I imagines a New York bar would be.",0.0,0.693,0.307,0.9954,Very Positive
"It's buzzing, the atmosphere is electric.",0.0,1.0,0.0,0.0,Neutral
"The owner ( I think that's who he was), was charming and engaging. The table staff were lightning quick.",0.0,0.708,0.292,0.7351,Positive
"The food is delicious, we were only in NY for a few days, but if I had been there for longer I would have gone back lots.",0.0,0.907,0.093,0.3291,Slightly Positive
Well worth a visit.,0.0,0.2,0.8,0.4588,Slightly Positive
I would revisit in a heartbeat.,0.0,1.0,0.0,0.0,Neutral
"I just can't get that lamb sausage baguette out of my head, it was divine.



973. What a cool little place! We went to eat and have a couple drinks before seeing our first show - what a great place! Food was excellent and drinks were good! Service was the best we've had in NYC!



974. Located close to time square. They did have seating outside. The bar is in the front entrance with the dining room in the back. There were about 15-20 tables. I thought he music was too loud, but later it was turned down.",0.0,0.855,0.145,0.9112,Very Positive
"They have a good beer selection. The menu is limited (not a lot, but enough between beef, fish, sandwich options). The server was friendly and helpful. He suggested the mussels or the Belgian beef stew. That is what I was looking at. The stew seemed to be more of a gravy or sauce with the beef. Also came with prunes in the stew. Also served with frites (mayo).",0.02,0.84,0.139,0.8591,Very Positive
"This is an alternate to the usual food options.



975. One of my favorite bars in the world, let alone Manhattan. It oozes character the minute you walk in. I have been frequenting BXL for years for the Chimay Cent Cents on tap and some great Belgian and French and American fusion fare. They have about three dozen Belgian beers on tap! And loads more bottled. I don't know how they manage to always have my choice available. The owner, Ives, is a super friendly and interesting guy. The chef is amazing, always coming up with new specials that are always gustatory delights. Try their Omelet du jour, or their soups du jour! I am always amused at the middle American tourists that find this place by accident (like I did once) for pre/post theatre refreshments and leave amazed or bewildered by the casual sophistication of the place. Sometimes the bar tenders and servers can be rude or seem preoccupied. I simply go to BXL Zoute in Chelsea for exactly the same beer, food and ambience, but far friendlier staff!



976. What a great find in the Theatre District. Not the usual ""pub food"" or bad Italian. Cuisine is Belgian, whatever that is, and it is really good. Breakfast, lunch and dinner. Very attentive staff. Really good food at a moderate price.



977. We came into the city early and needed to grab a quick breakfast. Someone next to use had a waffle and it smelled so good. I got it without the whipped cream which I really did not need.



978. Our large group enjoyed the cafe - all of the meals were tasty and felt traditional European. Our group loved the mussels and the Belgian meatballs. The service was very good and especially friendly. They were fantastic with the kids. It looked a little ""divey"" when we entered, but that feeling soon passed. The only complaint was the music was so very loud that is was hard to have a conversation.",0.042,0.77,0.188,0.9953,Very Positive
"The location was very convenient - a block off of Times Square. Though, it felt a world away.



979. We have been here several times - I asked for my birthday dinner to be here since I loved it so much! The mussels are great. This last time my son (who doesn't like seafood) ordered steak and it had to be sent back because it was so rare (ordered medium well). The server was appropriately apologetic and accommodating. The servers are always congenial and helpful. We had a great time with great people, great service and great food.



980. We picked this place because of a recommendation from a friend who lunched there often and because of the reputation of its burgers Most of the crew went for those burgers and they all enjoyed their selections, The Steak Tartare was delicious. The service was on spot. We would definitely eat here again.
Junior's
DessertAmericanDiner
4.0
981. This is a scam place bro my food was gone when i ate it. Like whats the point of serving the food if it jus gon dip on u like that



982. Juniors was a perfect pre-show spot for our family dinner! It was close to our theater, offered reservations for our party of 6 (called in 30min prior), had excellent service, and good food. Some dishes were quite pricey, others more reasonable, and there was good variety. Everyone enjoyed our 5pm meal and we got to our 7pm show easily.



983. We first visited juniors 10 years ago and we are pleased to say it's still the same, service and food were still great can't wait to visit again hopefully not quite as long this time. Thank you juniors!



984. Disappointing and pricy dinner: so and so small sandwiches, average fried chicken and a poor red-velvet cake eaten in a cramped location. Considering the food quality, the service and the atmosphere the worst dinner we had during our NY holiday.



985. Good place, good food. Nice service. Always cue, but it is fast to obtain table. Hamburgers, Sandwiches, Omelettes...



986. We ate at this restaurant twice whilst in New York. The food was terrific and plentiful, in fact too much!! The fish n chips was excellent. The staff were polite and jolly. I would recommend dining here to anyone staying in New York.



987. Came for a late dinner with friends. Our meal & experience was elevated by the friendly. wonderful, attentive service of our server Evelyn. When she learned that i love beets, she brought over a few small bowls for our table and made certain i had my fill.",0.033,0.77,0.198,0.9973,Very Positive
"Thank you, Evelyn for a wonderful meal!!



988. You cannot miss at Juniors. Visit before or after a Broadway Show, you will not go wrong. The menu offers a taste for all. Then top it off with either cheesecake or one of their other desserts, you will not be disappointed. Word of caution, go hungry as their portions are not only delicious, they are also very large!



989. Seen mixed reviews, but had breakfast here twice - nice stop. Friendly staff and food was good. Could be a little more attentive to coffee refills, but otherwise great,



990. After a long day of travelling and being rather overwhelmed at how busy Tines Square is we went in to be told 15 min wait but could sit by hist desk. After 3 mins taken to a booth and had great Reuben's and Brisket melt to fortify us. Staff super friendly. Food quality v good.



991. Our server, Pacheco, deserves special notice. The restaurant was packed, but he was a perfect server, fast and friendly. Of course the food was great. My husband chose Something Different, I got the Bagel with nova, delicious! And the cheesecake was delicious. We bought a slice to take to a friend in a hospital in New Jersey. He loved it!



992. Call ahead to get into the virtual queue because there is a wait!! The cheesecake was delicious, the staff was fun and the location is perfect for a post theater bite!



993. We decided to have breakfast at Junior's Restaurant along Broadway/49th Street. Initially it was fairly empty when we arrived and we were quickly found a table. The menu was extensive but we were able pick items from the varied selection. The smashed avocado meal was delicious and nicely presented. Service was very good, the staff members were attentive and friendly. It is a restaurant that we would happily visit again.



994. First time having food here, have gotten to go Cheesecake more than a couple of times, I know that's delicious. Ordered the Open Turkey and this thing was huge! Took 1/2 home for leftovers which if that's your plan I'd recommend to get the gravy on the side. While it was delicious, reheating didn't come out so well.",0.067,0.686,0.246,0.998,Very Positive
"Service at the bar was prompt and friendly. And of course, got cherry cheesecake to go.



995. We came here twice during our stay, first to eat dinner in the restaurant and then to take a cheesecake slice to go. Both visits were very good and we had lovely service. The food was delicious, especially the plain cheesecake was amazing!



996. The food is always delicious and the cream cheesecake is probably the best I've ever put in my mouth. Make this restaurant the top of your list to visit while in New York.



997. Juniors did not disappoint us! We always like Jrs & had an awesome breakfast there again. Always lots of food! I had a ton of potatoes & 3 slices of Canadian bacon along with my eggs! My husband had 3 large & thick pancakes.



998. Was attracted to this place by the bright lights and the enormous amount of cheesecakes on display. Was seated quickly but then had to wait 25 mins for anyone to come to take our order which was disappointing as a table which was seated after us was served almost immediately. However, the food was a triumph !! Huge portions and very tasty indeed, the whole menu looked inviting and looking around other tables I could see that the size of portions was equal across the board. It's a shame the rating has to be shown as only 3 but the service really did let them down, but in saying this I would go again



999. We came here twice. The first time was when we saw the queue at Ellen's stardust. Don't be daunted by the queue here. They actively manage it and text you as soon as a table is available. Despite it seeming busy we waited 15mins on a weekend and 2 mins on a weekday. The portions are large and the food is good. The coffee refills keep coming as does the water. Excellent value. We compared it to the cost of a starbucks breakkie on our first morning and this is so much better. The french toast, granola, pancakes, hash and home fried potatoes are super. Not fine dining but we didn't expect that. And the cost was good for good breakfast grub. We'll definitely go back



1000. Unfortunately it was a very unpleasant surprise.The service primitive.The quality of the products extremely low.Prices disproportionate for the food they offered.They didn't even have natural juice for breakfast.They offered toast with marmalade without butter.I wouldn't recommend this restaurant for breakfast under any circumstances.",0.044,0.791,0.165,0.9947,Very Positive
